,parentId,authorDisplayName,replyComment,publishedAt,likeCount
0,UgwdO5fm1o4gv2gVt5Z4AaABAg,쟌쟌,??진짜요?,2020-01-17T02:20:02.000Z,0
1,Ugx1ssrVYWNySV_RfAJ4AaABAg,구그을,저도 쓰고있는데 고급스러워보이는데.. ㅋㅋ 개인차니까ㅎㅎ,2020-01-16T21:34:48.000Z,0
2,UgzcpRhG6ug1WT55a5d4AaABAg,웅이,@고뤵지 스피커 출력이 작은거같아요,2020-01-16T16:59:14.000Z,0
3,UgzcpRhG6ug1WT55a5d4AaABAg,고뤵지,뭐가 문제일까요...,2020-01-16T16:22:29.000Z,0
4,UgwoLNpIGMqBwS_Jabl4AaABAg,안해때려쳐,인트로배운아이,2020-01-16T19:15:13.000Z,0
5,UgwoLNpIGMqBwS_Jabl4AaABAg,사탄이야이건,잇배운아이,2020-01-16T16:33:51.000Z,0
6,Ugy4NyYpsYY5Q_puKVl4AaABAg,윤영준,저작권 없는 노래니까 멜론에 없죠 음원추출 사이트로 다운받으세요,2020-01-16T15:31:11.000Z,0
7,UgwDp6D2hjESsYaJWc94AaABAg,Swerve,제 친구 잘쓰던데,2020-01-16T17:13:36.000Z,0
8,UgwDp6D2hjESsYaJWc94AaABAg,김태경,Swerve 사지마!!!!!!,2020-01-16T17:12:15.000Z,0
9,UgwDp6D2hjESsYaJWc94AaABAg,Swerve,왜유,2020-01-16T16:11:52.000Z,0
10,Ugx4p5q_W4uhp3XIaJp4AaABAg,김민수,저만 그러는게 아니였네요.. 팬소음 ㄹㅇ심함,2020-01-16T18:40:29.000Z,0
11,Ugx4p5q_W4uhp3XIaJp4AaABAg,쉐이크,저랑 좀 비슷한듯.. 오늘 왔는데 팬소음이 초큼 거시기 하네요;; 무슨 유튜브 보고 있는데도 팬소음이 느껴져요;;,2020-01-16T15:27:43.000Z,0
12,UgxKPa8us3zMezv6h-l4AaABAg,papillon,거기다 젊은 사람 혼자 레이저프린트기 사러 그건물 삼성프라자 가니 완전 대충 건성건성 남자직원들은 그냥 자기 폰만 보고.. 어찌나 맞은편 전자랜드와 비교되던지..하필 그 물건이 거기밖에 없어 샀지..어휴..다시는 안살 삼성..,2020-01-16T14:09:55.000Z,0
13,UgzSN_ywBz7hr8Zw16Z4AaABAg,kang건,"먼가 펜, 터치를 잘쓰면 좋은것 같은데... 잘모르겠어여 리뷰해주세요",2020-01-17T05:10:52.000Z,0
14,UgzSN_ywBz7hr8Zw16Z4AaABAg,Tim cook,별로더라고요,2020-01-17T04:34:04.000Z,0
15,UgzSN_ywBz7hr8Zw16Z4AaABAg,까날이,"가격이 쪼매 많이 비싸다는거 말고 15인치가 쪼매 무겁다는거 빼면 팬을 이용해서 할 수 있는 작업들이 엄청 많아요

같은 작업이라도 시간단축이 엄청 많이 됩니다
사진이나 그림에 있는 택스로 검색해도 찾아지고
문서 타이핑 칠거 있으면 짤라내서 그래도 텍스트로 만들어 지고 썬더볼트 드가있고 맥처럼 휴대폰(안드기준) 윈도우와 연결 기능 쓰면 세상 편리 해집니다, 뭐 워드 엑셀 파포 피디에프에서 필기가 다 가눙해서 활용도면에서 좋고
  그리고 팬 기능 향상 (이건 서피스에서도 있었지만)

더 많은데 ㅋㅋㅋ 너무 이야기가 길어져서 요까지만 대충 설명을 ㅋ",2020-01-16T19:02:20.000Z,3
16,UgzSN_ywBz7hr8Zw16Z4AaABAg,최민형,ㅇㅈ,2020-01-16T14:42:26.000Z,1
17,Ugwmd0G3fQhciGsDi8p4AaABAg,이재한,"홍길동 인터페이스가 고정된 PC에선 OLED보다 LCD가 훨씬 안정적임
QLED는 LCD 중에선 최상급 색 재현율과 휘도라서 일반 LCD랑 차이 크게 남",2020-01-16T14:02:39.000Z,0
18,UgyNuj2quQty1A0GPZJ4AaABAg,seulchan park,그럼 lg로고담니까?,2020-01-16T13:56:52.000Z,0
19,UgxWI20uXoVVeiAc15B4AaABAg,오형빈,@Lemon TV ...?,2020-01-17T05:15:22.000Z,0
20,UgxWI20uXoVVeiAc15B4AaABAg,Lemon TV,Oa JJa Lr Ko HaaO AeeL Or,2020-01-17T01:01:15.000Z,0
21,UgxWI20uXoVVeiAc15B4AaABAg,Lemon TV,⅚⁵⅚⁵5666565555655565554555566⁶66⁶⁶66⁵55⁵⁵⁵5⁵⁵⁵55⁵6⁵⁵⁶⁵⁵⁵⁵55⁵65⁵5⁵5⁵55555555666665⁵⁶5⁵⁶⁵7,2020-01-17T01:00:38.000Z,0
22,Ugw8JVJfc70pZo5f2tZ4AaABAg,박솔민,스마트원정상 근데 맥북은 맥os 때문에 사양이 좋아도 발목이 잡히죠 ㅠㅠ,2020-01-16T23:43:18.000Z,0
23,Ugw8JVJfc70pZo5f2tZ4AaABAg,참치마요,@든해 요즘 삼성 엘지 노트북들도 200넘는게 많아서 비슷해요,2020-01-16T20:23:25.000Z,0
24,Ugw8JVJfc70pZo5f2tZ4AaABAg,든해,가격부터가..,2020-01-16T17:30:20.000Z,0
25,UgwdtGf0AYTJbV_PFG94AaABAg,Cytus ll,그리고오~??,2020-01-16T14:53:44.000Z,0
26,UgwdtGf0AYTJbV_PFG94AaABAg,2079 GAREXHIM,ㅋㅋㅋㅋㅋㅋㅋㅋㅋㅋㅋㅋ,2020-01-16T14:09:24.000Z,0
27,UgxvDqrQ7S9CiFQhoLx4AaABAg,Min Sang,김범수 저 쉬프트 작은 레노버놋북 있는데 진짜 괴롭네요ㅠㅠ,2020-01-16T15:45:24.000Z,0
28,UgxvDqrQ7S9CiFQhoLx4AaABAg,김범수,음 전 디스플레이 너무좋아서 만족해요 쉬프트키 적응하면 괜찮아요 물론 불편하지만,2020-01-16T15:43:06.000Z,0
29,UgxvDqrQ7S9CiFQhoLx4AaABAg,Min Sang,지문만 아니었으면 살건데ㅜ,2020-01-16T14:29:17.000Z,0
30,UgxvDqrQ7S9CiFQhoLx4AaABAg,김범수,그거빼곤 갠찬은디 만족스러운데,2020-01-16T14:08:58.000Z,0
31,Ugw3V-Wo6oJ65AxBnh14AaABAg,Joe witt,Newclubgirls.life/pVDAw17,2020-01-17T02:32:03.000Z,0
32,Ugw3V-Wo6oJ65AxBnh14AaABAg,[삼촌교]까치아잉아잉,ㅋㅋㅋㅌㅋㅋㅋㅋㅋㅋㅋㅌㅋㅋㅋㅋㄴㄱㅋㅋ,2020-01-16T22:54:07.000Z,0
33,Ugw3V-Wo6oJ65AxBnh14AaABAg,Krister TV,야 이.... ㅋㅋㅋㅋㅋㅋㅋ,2020-01-16T15:48:12.000Z,0
34,Ugw3V-Wo6oJ65AxBnh14AaABAg,홍다니,ㅋㅋㄱㅋㄱㅋㄱㄱㄱㄱㄱㄱㅋㄱㅋ 아니미친 개웃겨ㅋㄱㄱㅋㄱㅋㅋㅋㄱㄱㅋㄱㄱㅋㅋㄱㅋㅋㄱㄱㅋㅋㄱㅋㄱㅋㄱㅋㄱㅋㄱㅋㄱㅋㄱㅋㄱㅋㄱㅋㅋㄱㅋㄱㄱㄱㅋㄱㄱㄱㄱㄱㄱㅋㄱㅋㅋㄱㅋㄱㅋㄱㅋㄱㅋ,2020-01-16T14:42:45.000Z,2
35,Ugw3V-Wo6oJ65AxBnh14AaABAg,Kung-Fu KENNY,눈썹 밖에 안보이네 ㅋㅋㅋㅋㅋ,2020-01-16T14:31:23.000Z,0
36,UgyefEJ5vbrQZSf2JcB4AaABAg,맹라,잔고야 제발 날 떠나지마ㅠㅠ,2020-01-16T16:02:55.000Z,1
37,UgyzNcyIQ8BUmha-CIp4AaABAg,익명,ㅋㅋㅋㅋㅋㅋㅋㅋㅋㅋㅋㅋ,2020-01-17T00:11:05.000Z,0
38,UgyzNcyIQ8BUmha-CIp4AaABAg,박솔민,시바 ㄴㄷㅆ,2020-01-16T23:43:46.000Z,0
39,UgyzNcyIQ8BUmha-CIp4AaABAg,시바,춘배....냐한남자?,2020-01-16T18:28:42.000Z,0
40,UgyzNcyIQ8BUmha-CIp4AaABAg,hindi youtube,ㅋㅋㅋㅋㅋㅋㅋ,2020-01-16T14:51:57.000Z,0
41,UgyzNcyIQ8BUmha-CIp4AaABAg,iPhone11 Pro,오 한국말을 하실줄 아는군요!,2020-01-16T13:56:33.000Z,0
42,Ugzu33RkgFDVgZAkqjt4AaABAg,kang건,맥북은 너무 차이가 ㅋㅋㅋ,2020-01-17T05:12:24.000Z,0
43,UgzRtIxaRi8GkWbyijt4AaABAg,김선,@к맑은삶 빡대갈의 뜻을 검색하고 좀 더 해봐,2020-01-17T08:30:56.000Z,0
44,UgzRtIxaRi8GkWbyijt4AaABAg,к맑은삶,"@김선 ? 내 댓글 어디에 욕설이 있냐? 아 뭐 사실 적시로 인한 고소 말하는건가? 정상적인 사고 방식을 가졌다면 '본 영상은 유료광고를 포함하고 있습니다'를 일반적인 광고로 생각하는 사람은 없을텐데? 남한테 이거 돈 받았냐고 따지기 전에 먼저 유튜브 가이드라인이랑 법부터 보고 오라니까?

뭐 진지하게 말하자면 빡대갈 이건 내가 잘못했다고 치자, 근데 넌 자꾸 있지도 않은 사실 가지고 해명해라라고 선동 비스무리한거 하는데 이건 뭐냐?",2020-01-17T08:24:35.000Z,3
45,UgzRtIxaRi8GkWbyijt4AaABAg,김선,@к맑은삶  댓글 잘 못 적다 모욕죄로 고소 당할라..ㅋㅋㅋ 자신있음 계속 비속어나 욕설 썩어 보던가...ㅋㅋ,2020-01-17T08:13:59.000Z,0
46,UgzRtIxaRi8GkWbyijt4AaABAg,к맑은삶,@김선 아니 빡대갈아 유튜브 시청할 때 유료광고가 포함되어 있습니다 메시지 표시되는게 협찬받은거야; 일반 광고랑 유료 광고랑 애초에 아예 다른건데 끝까지 시비거네. 제발 좀 법이랑 유튜브 가이드라인이나 읽고 따지던지 해,2020-01-17T07:56:16.000Z,2
47,UgzRtIxaRi8GkWbyijt4AaABAg,к맑은삶,@장현성 닥 이온입니다. 펜 S 실사 중인데 원가절감 ㅆㅅㅌㅊ라서 타 OS랑 호환성 개판이에요. 이온도 들어간 부품보면 크게 다르진 않은데 일단 아테나 프로젝트쪽이라 그나마 호환성이 나을겁니다,2020-01-17T07:54:29.000Z,0
48,Ugwe62t6VxLNni5cFz14AaABAg,ITSub잇섭,QLED 짭이죠 ㅎㅎ,2020-01-16T13:22:59.000Z,1
49,UgxJ51C9PMj_WGQ3xnN4AaABAg,Google One,@seulchan park 삼성 노트북은 거의다 BOE제 패널이에요,2020-01-16T13:50:15.000Z,0
50,UgxJ51C9PMj_WGQ3xnN4AaABAg,seulchan park,"저거는 이온이니까 그런거죠
비교할거면 플렉스랑 비교해야죠",2020-01-16T13:48:34.000Z,0
51,Ugyo6EFGcBmrEplVAdR4AaABAg,하선 TV,ㅋㅋㅋㅋㅋ,2020-01-17T03:54:21.000Z,0
52,Ugyo6EFGcBmrEplVAdR4AaABAg,세상의 모든 특이폼 SEMOT,폰보다 좀 빡세서 ㅋㅋㅋㅋㅋㅋㅋㅋ,2020-01-17T03:06:32.000Z,0
53,UgwlcblnV7vQjHNn_gN4AaABAg,아픈고양이,"@ITSub잇섭불량 픽셀이 7개 까지인가? 그걸 안넘어서  다른 새 제품으로 교환은 안되고
디스플레이 교체는 가능할것 같다고 들었는데
확실하게 답이 안나와서 다시 한번 매장에 가야겠네요
답글 감사합니다",2020-01-16T13:27:53.000Z,0
54,UgwlcblnV7vQjHNn_gN4AaABAg,ITSub잇섭,"제가 쓰고있는 북S와 이온은 아직 없더라구요.
근데 불량화소 그 정도면 교환해주지 않나요!?",2020-01-16T13:23:21.000Z,0
55,UgwmpDzAW6e3-iwKjN54AaABAg,ITSub잇섭,플렉스는 아직 예정에 없습니다 ㅠㅠ,2020-01-16T13:23:38.000Z,0
56,Ugz81v8zylTvtcHBOGx4AaABAg,ITSub잇섭,굿잡,2020-01-16T13:23:43.000Z,0
57,Ugz8ZJ2okB6pqptWSmJ4AaABAg,ITSub잇섭,옵치는 좀 어렵습니다 ㅎㅎ,2020-01-16T13:24:10.000Z,1
58,Ugz2wuoXm_Kpmj9cHiN4AaABAg,가자잇!,@ITSub잇섭 아 그렇군요ㅋㅋ,2020-01-16T13:33:52.000Z,0
59,Ugz2wuoXm_Kpmj9cHiN4AaABAg,ITSub잇섭,사전예약하고 온지 얼마 안되었거든요 ㅎㅎ,2020-01-16T13:25:24.000Z,0
60,Ugzrh1u-7A_azMbHGN14AaABAg,보라해방탄,쉐이크 으음 그러게요 ㅋㅋㅋㅋㅋㅋㅋ 그렇다면 다행이네요 ㅋㅋㅋ,2020-01-16T15:40:14.000Z,0
61,Ugzrh1u-7A_azMbHGN14AaABAg,쉐이크,"키감 좀 안좋아요.. 그램2020보다도 키보드가 얕아서
그래도 쓰다보면 타닥타닥 하는 소리가 좀 찰지긴 해요 ㅋㅋㅋ",2020-01-16T15:31:05.000Z,0
62,Ugwq5mOlXImw6rqHpG94AaABAg,G5 tv,@ITSub잇섭  알겠습니다ㅠㅠ,2020-01-16T13:25:07.000Z,1
63,Ugwq5mOlXImw6rqHpG94AaABAg,ITSub잇섭,저도 요청 후 구입해서 모두 나눠드려서 ㅠㅠ,2020-01-16T13:11:55.000Z,0
64,UgxkFvkujXrioMkWLhV4AaABAg,ITSub잇섭,"AKG 튜닝이라 한번 비교해봤는데,
다음에 그램이랑 비교해야겠어..",2020-01-16T13:12:13.000Z,0
65,UgwqDLtQSms6p3ChIgZ4AaABAg,ITSub잇섭,ㄹㅇ....,2020-01-16T13:12:37.000Z,0
66,Ugy5mVbJUkS3tmg0JBZ4AaABAg,ITSub잇섭,그..그럼 뚜껑이 무겁겠죠!?,2020-01-16T13:12:32.000Z,0
67,Ugy93u214G43ZR1Yk7l4AaABAg,ITSub잇섭,위쪽에 뮤직이라고 적혀있는 곡입니다!,2020-01-16T13:12:23.000Z,0
68,UgwDfFX0LXqD4ay1Tl54AaABAg,돼지귀신tv,그러나 110이라는 세자리수를 감당못하고 보급형을 산다는것이 학계의정설,2020-01-16T13:19:12.000Z,0
69,UgwDfFX0LXqD4ay1Tl54AaABAg,ITSub잇섭,오히려 S의 마감이 더 좋음.,2020-01-16T13:12:47.000Z,0
70,UgwxxiOOUu6Wxj396Uh4AaABAg,Jung Young Yoo,취향존중하겠습니다,2020-01-16T13:14:22.000Z,1
71,UgwxxiOOUu6Wxj396Uh4AaABAg,ITSub잇섭,전 뼈해장국 좋아합니다.,2020-01-16T13:13:09.000Z,1
72,UgxPg2LohNRBTmg_pFR4AaABAg,ITSub잇섭,지금 매일매일 사용 중입니다 ㅎㅎ,2020-01-16T13:13:15.000Z,0
73,UgzrTxRmo4wEXIjdLe54AaABAg,꽁추,@ITSub잇섭 웅ㅇ!,2020-01-16T13:25:08.000Z,0
74,UgzrTxRmo4wEXIjdLe54AaABAg,ITSub잇섭,고..정!?,2020-01-16T13:13:21.000Z,0
75,UgyCodXS7011VuaeACl4AaABAg,ITSub잇섭,감사합니다!,2020-01-16T13:13:25.000Z,0
76,UgxpgVdsOXDRTk5fMkR4AaABAg,시바,스으윽...힣!,2020-01-16T18:27:00.000Z,0
77,UgxpgVdsOXDRTk5fMkR4AaABAg,ITSub잇섭,ㅗㅜㅑ,2020-01-16T13:14:51.000Z,7
78,UgyhvdJFOEOL1NKqwzF4AaABAg,ITSub잇섭,스피커는 그램과 비교해야겠습니다. ㄷㄷ,2020-01-16T13:15:02.000Z,0
79,Ugw5m_mYMJcBlBI8OTZ4AaABAg,ITSub잇섭,어?...,2020-01-16T13:15:07.000Z,0
80,Ugwz3FnOAVmTNC0HVw54AaABAg,ITSub잇섭,그래도 적절한 스피커 품질을 내주면 좋죠 ㅎㅎ,2020-01-16T13:15:15.000Z,0
81,UgyceHPE-E0t4GxomTl4AaABAg,ITSub잇섭,13인치와 비교한다면 조금 더 저렴하죠 ㅎㅎ,2020-01-16T13:15:25.000Z,0
82,UgzjNvGCDTELPAN5rsB4AaABAg,RADISH,@ITSub잇섭 추천해주셔서 진짜 감사합니다ㅎㅎ,2020-01-16T13:20:23.000Z,0
83,UgzjNvGCDTELPAN5rsB4AaABAg,ITSub잇섭,축하드립니다!,2020-01-16T13:15:30.000Z,1
84,UgxtbpfRqCt5LBNWdSF4AaABAg,ITSub잇섭,ㅠㅠ,2020-01-16T13:15:33.000Z,0
85,UgwMqs29pdVFU9KpmIZ4AaABAg,ITSub잇섭,급,2020-01-16T13:15:36.000Z,0
86,UgzX-J_8kjLu0kIBSk14AaABAg,곡갈곤,"ITSub잇섭 그램편도 기대하겠읍니다••• 항상 잘보고 있어요,,",2020-01-16T13:21:46.000Z,0
87,UgzX-J_8kjLu0kIBSk14AaABAg,ITSub잇섭,일단 그램까지 해보구요!,2020-01-16T13:15:42.000Z,0
88,Ugy9PCDIa5Rt_GN-UKd4AaABAg,ITSub잇섭,그래서 오해하실까봐 영상에서도 QLED가 진짜 QLED가 아닌 퀀텀닷 시트를 더해 색재현율을 높인것이라고 언급하고 있습니다 ㅎㅎ,2020-01-16T13:16:05.000Z,0
89,Ugz5paYXSOSjPYLpZPx4AaABAg,JW,@ITSub잇섭 다 된 밥에 삼성 디자인  뿌리기...저 지문인식 위치는 도대체...??,2020-01-16T13:21:01.000Z,0
90,Ugz5paYXSOSjPYLpZPx4AaABAg,ITSub잇섭,터치패드의 위치는 아주 마음에 듭니다 ㅎㅎ,2020-01-16T13:16:13.000Z,0
91,UgxyzlHW_NxJIt2n3L14AaABAg,ITSub잇섭,거... 음질은 좋은데 한국 계정은 넘 노래가 없어,2020-01-16T13:16:25.000Z,1
92,Ugxz4ob2Kkk5HT40xyp4AaABAg,조성엽,@ITSub잇섭 이온은 위스키보다 클럭올린 코멧이니.. 리사수님을 믿는수밖엔.. ㅠㅠ,2020-01-16T13:20:42.000Z,0
93,Ugxz4ob2Kkk5HT40xyp4AaABAg,ITSub잇섭,이온도 비슷비슷해보입니다;;,2020-01-16T13:16:31.000Z,0
94,UgxlJqLMy_sJL8uMpxl4AaABAg,ITSub잇섭,"적응하니 그나마 좀 낫긴한데,
그래도 누를때 조금씩 불편합니다 ㅠㅠ",2020-01-16T13:16:45.000Z,0
95,UgzVweMD1PxRWwmYD3l4AaABAg,김정환,@김페엥수 119 언에듀 파트,2020-01-16T13:34:37.000Z,0
96,UgzVweMD1PxRWwmYD3l4AaABAg,김페엥수,요고 제목 뭐였음,2020-01-16T13:31:34.000Z,0
97,UgzVweMD1PxRWwmYD3l4AaABAg,오로나민,0:01,2020-01-16T13:21:43.000Z,2
98,UgyYTJYW_iLfAvN0r8N4AaABAg,ITSub잇섭,14인치 내주시오,2020-01-16T13:16:54.000Z,0
99,UgyYTJYW_iLfAvN0r8N4AaABAg,qudgus,맥북 핥핥,2020-01-16T13:09:47.000Z,0
100,UgyYTJYW_iLfAvN0r8N4AaABAg,율리우스,빨리 3월 맥북을 출시해 주시지요,2020-01-16T13:09:37.000Z,0
101,UgwhyEbFIXBUwMfL9jV4AaABAg,ITSub잇섭,사양 높은 게이밍쪽도 한번 고려해봐야겠습니다 ㅎㅎ,2020-01-16T13:17:19.000Z,0
102,Ugy-A22G2SHX4pl_Xnd4AaABAg,ITSub잇섭,"제가 느낀것과 동일하네요. ㅎㅎ
저도 갤럭시북S를 오래쓰다가 이온을 써보니 솔직히 제품의 완성도는 S가 훨씬 좋다고 느꼈습니다.
arm이라는 것에 타겟층이 뚜렷하지만, 북S의 하드웨어가 진짜 잘만들어졌다는 것을 다시 느꼈어요 ㅎㅎ",2020-01-16T13:14:43.000Z,0
103,UgxHXEQB8s6tMoLHkJd4AaABAg,데헷,그램 추천,2020-01-16T13:16:44.000Z,0
104,UgxHXEQB8s6tMoLHkJd4AaABAg,Trinity Force,저는 플렉스 쓸것같아요 그그 180° 돌아가서 태블릿처럼 쓰는거가 편해보여서,2020-01-16T13:16:16.000Z,0
105,UgxHXEQB8s6tMoLHkJd4AaABAg,슈팅스타,플렉스 추천,2020-01-16T13:15:45.000Z,0
106,UgxHXEQB8s6tMoLHkJd4AaABAg,g g,전 그램 추천,2020-01-16T13:13:26.000Z,0
107,Ugy5goAScRCjpYhgAZh4AaABAg,seulchan park,"아니 맥북프로랑 이온이랑 스피커 개수부터가 다르잖아요
그리고 AKG가 이딴거라뇨 얼마나 유명한 음향회산데",2020-01-16T13:52:36.000Z,0
108,UgxVo92emS15AYLlIeN4AaABAg,BOYSONA,나도 그생각ㅋㅋㅋㅋㅋ,2020-01-16T13:04:56.000Z,0
109,UgyIS43P04SiaM8EFpd4AaABAg,박동현,@ITSub잇섭 잇섭님께서 답글을 달아주시다니!! 감사합니다 ^_^,2020-01-16T13:41:07.000Z,0
110,UgyIS43P04SiaM8EFpd4AaABAg,ITSub잇섭,"스피커를 비교해보니 급차이가 너무나서,
그램구입하면 같이 비교해보겠습니다 ㅎㅎ",2020-01-16T13:17:47.000Z,1
111,Ugw1HJkrpxTvtHeG6W94AaABAg,ITSub잇섭,LG 34UM95인데 엄청 오래되서 요즘은 더 좋은 제품들이 많아요 ㅎㅎ,2020-01-16T13:18:02.000Z,0
112,UgysRpXohM5n9IBj5fZ4AaABAg,아이고머니,​@ITSub잇섭저는 11번가에서 샀습니다.,2020-01-16T13:22:18.000Z,0
113,UgysRpXohM5n9IBj5fZ4AaABAg,ITSub잇섭,엥?? 저도 하이마트 온라인으로 구입했긴 했는데...,2020-01-16T13:18:29.000Z,0
114,Ugzvm8S2ImcHg12Eful4AaABAg,ITSub잇섭,콕스 ck87 강추드립니다 ㅎㅎ,2020-01-16T13:18:38.000Z,0
115,UgzQ6BsrBMVFEBuJgLR4AaABAg,마시멜로,@안유진 그리고 게임 돌리실거면 외장그래픽을 따로 구매하시거나 아니면 몬스타 기어같은 게이밍 노트북을 사면 됩니다~2020  그램 i7도 왠만한 게임들은 다 돌아갑니다,2020-01-17T03:30:52.000Z,0
116,UgzQ6BsrBMVFEBuJgLR4AaABAg,마시멜로,@안유진 롤은 돌아갑니다.,2020-01-17T03:29:52.000Z,0
117,UgzQ6BsrBMVFEBuJgLR4AaABAg,안유진,롤도 안 돌아간다는 소리가 있던데..쓰로틀링인가??.. 그러면 i7살 필요가 있을까 싶기도 한. 그래서 이번엔 이온이 더 좋은듯. 가격도 그램보다 조금 더 저렴하고. 쿨러도 두 개고.,2020-01-16T16:57:25.000Z,0
118,UgzQ6BsrBMVFEBuJgLR4AaABAg,마시멜로,@떡볶이 산지 얼마 안되서 시험해보겠습니다!,2020-01-16T14:20:45.000Z,0
119,UgzQ6BsrBMVFEBuJgLR4AaABAg,마시멜로,@ITSub잇섭 그렇습니다 ㅎㅎ 진짜 가볍고 성능도 좋더라구요~!,2020-01-16T14:20:05.000Z,1
120,UgyEuBLBYxd_OZJATix4AaABAg,be폭력주의자간디,유튭볼 시간에 공부해,2020-01-17T00:45:15.000Z,2
121,UgyEuBLBYxd_OZJATix4AaABAg,Apple,박세니  힘내세요 ㅠㅠ,2020-01-16T14:51:23.000Z,0
122,UgxHyawURpXj0QdCMT94AaABAg,ITSub잇섭,그거해도 거기서 거기더라구요... ㅠㅠ,2020-01-16T13:19:34.000Z,0
123,UgwJArqilPBdABnIp994AaABAg,moonsu park,@쉐이크 펜소음 좀 많이 시끄럽긴 합니다. 그래도 롤 40~50프레임보다는 훨씬 나으니까요,2020-01-17T06:14:09.000Z,0
124,UgwJArqilPBdABnIp994AaABAg,쉐이크,팬소음 좀 있지 않던가요? 외장그래픽 쓰는순간 팬 오지게 돌던데..,2020-01-17T05:59:08.000Z,0
125,Ugz_ibMPSQ5e33e-mtF4AaABAg,seulchan park,@ITSub잇섭 그램이랑 비교할거면 플렉스랑 비교하셔야죠,2020-01-16T13:55:35.000Z,0
126,Ugz_ibMPSQ5e33e-mtF4AaABAg,ITSub잇섭,"AKG 튜닝이라해서 비교는 해보고싶은데, 갖고있는게 마땅치 않아서 비교해봤는데...
그램사면 그램이랑 제대로 비교해볼게요 ㅎㅎ",2020-01-16T13:20:05.000Z,0
127,Ugz_ibMPSQ5e33e-mtF4AaABAg,Jaeseok SEO,ㅋㅋㅋㅋㅋㅋㅋㅋ계속 그램이랑 비교하다가 갑자기...,2020-01-16T12:58:43.000Z,0
128,Ugz_ibMPSQ5e33e-mtF4AaABAg,시발,ㅋㅋㅋㅋㅋㅋㅋ,2020-01-16T12:55:55.000Z,0
129,UgxipU1x8EY6TO0AG-54AaABAg,우사틴,진짜 LG 그램 2020에 비하면 별로다...더 성장하렴~,2020-01-16T12:57:13.000Z,0
130,UgxZPlFB23id1E8D2_F4AaABAg,アイスクリームケーキ,갤럭시폰이라면...버즈를추천해요!,2020-01-16T13:02:44.000Z,0
131,UgxZPlFB23id1E8D2_F4AaABAg,Park- J,대답감사합니다!^^,2020-01-16T13:01:05.000Z,0
132,UgxZPlFB23id1E8D2_F4AaABAg,유튜브팜므,호환성은 버즈,2020-01-16T12:58:48.000Z,0
133,UgxZPlFB23id1E8D2_F4AaABAg,유튜브팜므,에어팟 프로가 좋아요,2020-01-16T12:58:41.000Z,0
134,Ugx2mR49_v7VbIgmuLh4AaABAg,서이나,그런데 이상한 점이 배터리 옆에 뜨는 남은 시간이라는게 오락가락해요. 같은 문서 작업 중인데도 1퍼에 1시간이 훅 사라지는 가 하면 또 작업 중 1퍼 소모되었을 때 1시간이 생기기도 하고... 어제 5시간 워드 작업 하면서 이상해서 스크린 샷 떠 놨는데 원래 삼성 제품은 이런가요? LG에서 넘어온 거라 잘 모르겠네요,2020-01-17T03:48:52.000Z,0
135,Ugx2mR49_v7VbIgmuLh4AaABAg,서이나,"정정할게요. 유튜브 1시간 돌렸더니 80퍼 대에 남은 시간 8시간이라 해서 매우 사기 당한 느낌이었는데 문서 작업이나 웹 서핑 등 하면 잘 안죽어요, 오래 갑니다",2020-01-17T03:45:36.000Z,0
136,Ugx2mR49_v7VbIgmuLh4AaABAg,서이나,@감자머리 그런 것 같아요. 그리고 닳는 속도도 빨랐다 느렸다 해서 사용 첫 주인데 서비스 센터 가 봐야 할지 고민중입니다 ㅠ,2020-01-16T13:27:50.000Z,0
137,Ugx2mR49_v7VbIgmuLh4AaABAg,감자머리,서이나 화면이 사양을 좀 잡아먹나보네요??,2020-01-16T13:23:29.000Z,0
138,Ugyzlb_vvR-TYezIY4t4AaABAg,그냥사람,@ITSub잇섭 앜ㅋㅋ 감사합니다 ㅋㅋㅋㅋㅋㅋ,2020-01-16T13:25:38.000Z,0
139,Ugyzlb_vvR-TYezIY4t4AaABAg,ITSub잇섭,fn+ 배터리모양 F10번쯤 있는것 누르시면 됩니다 ㅎㅎ,2020-01-16T13:20:47.000Z,1
140,UgxdDsvXWH6_khzV8I14AaABAg,쭈댕,@John Clayton 네 ㅋㅋ..맥북프로 압살입니다 ㅎㅎ,2020-01-16T14:12:49.000Z,0
141,UgxdDsvXWH6_khzV8I14AaABAg,John Clayton,"쭈댕 맥프로xxx
맥북프로!!!!",2020-01-16T12:46:09.000Z,0
142,Ugzi8PQftWbgmMeOd_14AaABAg,SH,@ITSub잇섭 와 댓글까지 ㅜㅜ 난 삼성이란 틀에서 벗어나보도록!! 잇섭만세!!😄😄,2020-01-16T13:42:03.000Z,0
143,Ugzi8PQftWbgmMeOd_14AaABAg,ITSub잇섭,"당연히 좋은건 플렉스인데,
그돈이면 XPS 시리즈도 갈 수 있고 좋은 외산도 많아서 말이야..",2020-01-16T13:25:54.000Z,0
144,UgxzrMkEFh5feXYQRL14AaABAg,ITSub잇섭,"좋게 봐주셔서 감사합니다.
사용기에서 좀 더 자세히 알려드리겠습니다!",2020-01-16T13:21:12.000Z,0
145,Ugz6AxbHy1mPfZaNQ9F4AaABAg,각예쁘,@ITSub잇섭 옛솔 어른데서살게요,2020-01-16T12:49:18.000Z,0
146,Ugz6AxbHy1mPfZaNQ9F4AaABAg,ITSub잇섭,사자!,2020-01-16T12:40:33.000Z,1
147,UgwooOBcauHrd26808N4AaABAg,ITSub잇섭,좋게 봐주셔서 감사합니다 ㅎㅎ,2020-01-16T12:40:51.000Z,0
148,UgyTII7qlBwd-EGZREB4AaABAg,ITSub잇섭,이미 애플워치가 있으니까.. ㅎ,2020-01-16T12:41:00.000Z,0
149,Ugy2ZMOco8mZjwLPEtN4AaABAg,ITSub잇섭,다.. 당하는거?,2020-01-16T12:41:06.000Z,0
150,Ugwne6IQdt5grahGOSB4AaABAg,이지훈,"@이재영 아 이해가 되었네요
감사합니다",2020-01-16T13:11:30.000Z,0
151,Ugwne6IQdt5grahGOSB4AaABAg,이재영,@이지훈 노트북 화면을 열면 전원이 자동으로 켜져서 전원버튼을 따로 누를 필요없이 지문인식만 하면 된다는 말이에요(갤럭시 북 이온 기준),2020-01-16T13:02:13.000Z,0
152,Ugwne6IQdt5grahGOSB4AaABAg,이지훈,"무슨 뜻이에요?
이해가 잘 안돼서요",2020-01-16T12:56:58.000Z,0
153,UgzdRDFNrrJbNuH1Twl4AaABAg,ITSub잇섭,제가 이전에 추천한 40만원대 라이젠5 노트북 추천드립니다.,2020-01-16T12:36:59.000Z,0
154,Ugxd6dpL373PD0puOYF4AaABAg,ITSub잇섭,"AKG 튜닝이라 기대하고 비교했는데, 추후 그램이랑 다시 비교해봐야겠어요..",2020-01-16T12:37:13.000Z,0
155,UgwpJ981dHvK1o-Qpqh4AaABAg,RYAN,그래도 꽤 중립적이심,2020-01-17T04:04:03.000Z,0
156,UgwpJ981dHvK1o-Qpqh4AaABAg,Apple,나랑 동지!!!,2020-01-16T14:51:03.000Z,0
157,UgxdUddX6pWYMrn1IyF4AaABAg,ITSub잇섭,저도 예전에 노트북을 많이 들고다녀보니 결국에는 가벼운게 최고더라구요 ㅎㅎ,2020-01-16T12:37:33.000Z,0
158,Ugwg3_Q5GfGOgyb7wVx4AaABAg,ITSub잇섭,그것도 해야지 ㅎㅎ,2020-01-16T12:37:38.000Z,0
159,UgxbmiuXUFkUkm6bvZJ4AaABAg,이으악,삼성 셋팅에서 저소음 모드로 한번 설정해보세요! 팬 소음은 많이 줄어듭니당 다만 절전모드가 되는건 좀 아쉽...,2020-01-16T13:04:00.000Z,0
160,UgxbmiuXUFkUkm6bvZJ4AaABAg,ITSub잇섭,"사용기에서 언급하려 했지만,
진짜 아이들시에도 팬이 수시로 돌아가더라구요.;;",2020-01-16T12:38:01.000Z,0
161,UgzFN3SE-NPANKEpG2F4AaABAg,ITSub잇섭,추후 그램도 리뷰올라오면 같이 봐주세요 ㅎㅎ,2020-01-16T12:38:13.000Z,0
162,UgxqguQzgmQabg4GXHR4AaABAg,ITSub잇섭,딱 맞게 세팅했어요 ㅎㅎ,2020-01-16T12:38:22.000Z,0
163,UgzoLDCTfaUFtPK8eAV4AaABAg,ITSub잇섭,"지금한 3일 사용한 것 같은데, 스피커는 별루같...아요.",2020-01-16T12:40:04.000Z,0
164,UgwdFrHWkpOml084vLh4AaABAg,ITSub잇섭,아닙니닼ㅋㅋㅋ,2020-01-16T12:39:51.000Z,1
165,UgzpgYXTYTlUCWh7LbR4AaABAg,DU H,돈이 없어서 19년도 그램을 샀다는 ㅜㅠ,2020-01-16T12:46:15.000Z,0
166,UgzpgYXTYTlUCWh7LbR4AaABAg,ITSub잇섭,2월에 그램사면 제대로 비교해보겠습니다!,2020-01-16T12:39:45.000Z,0
167,UgzjVL1Uf3ErSEphb9R4AaABAg,ITSub잇섭,감싸합니다 ㅎㅎ,2020-01-16T12:39:34.000Z,1
168,Ugw-cLS8sjrI8QIvSH94AaABAg,111걍하삼,웅.....,2020-01-16T12:39:47.000Z,1
169,Ugw-cLS8sjrI8QIvSH94AaABAg,ITSub잇섭,헐... 걸리지말렴,2020-01-16T12:38:50.000Z,1
170,Ugx0dErUV5osi3RsSax4AaABAg,ITSub잇섭,플렉스는 안하려구..,2020-01-16T12:38:43.000Z,0
171,Ugw9VGXpheag5cg-lR94AaABAg,ITSub잇섭,그정돈 충분합니다 ㅎㅎ,2020-01-16T12:38:31.000Z,0
172,UgzAUcchQb_tuK58RnR4AaABAg,ITSub잇섭,에어는 리프래쉬되면 가자...,2020-01-16T12:34:21.000Z,1
173,Ugwzcet2EHKeMQPdngZ4AaABAg,ITSub잇섭,난 항상 전자기기를 사지,2020-01-16T12:34:39.000Z,0
174,UgxmIT3BxqcVFijcV3t4AaABAg,쿤티,@ITSub잇섭 알림이 오늘안뜸,2020-01-16T12:45:23.000Z,0
175,UgxmIT3BxqcVFijcV3t4AaABAg,ITSub잇섭,어?? 왜???,2020-01-16T12:34:34.000Z,1
176,Ugx0tWCiapga4m7U8V94AaABAg,ITSub잇섭,쓰면 쓸수록 안타깝습니다..,2020-01-16T12:34:29.000Z,0
177,UgzXnHSdzb-2aXhLev94AaABAg,탄포_,@ITSub잇섭 역시 놋북은 갬성..,2020-01-16T15:14:33.000Z,0
178,UgzXnHSdzb-2aXhLev94AaABAg,최정민,@ITSub잇섭  서피스 랩탑 1세대 열심히 굴리다가  xps로 가면 좋겠다ㅜㅜ,2020-01-16T14:35:58.000Z,0
179,UgzXnHSdzb-2aXhLev94AaABAg,ITSub잇섭,"델 XPS 시리즈, HP 스펙터, 맥북 시리즈요 ㅎㅎ",2020-01-16T12:34:51.000Z,4
180,UgwnzacvFKqaBN_Y8iR4AaABAg,ITSub잇섭,다음 사용기도 잘 찍어볼게요!,2020-01-16T12:35:00.000Z,0
181,UgzwLkEo94qZodmf6614AaABAg,ITSub잇섭,크흠...,2020-01-16T12:35:20.000Z,1
182,UgwWs23ibE6zjeyXEqt4AaABAg,애몽,@ITSub잇섭 리뷰들 감사합니다!!!!,2020-01-16T12:41:19.000Z,0
183,UgwWs23ibE6zjeyXEqt4AaABAg,ITSub잇섭,신학기때 대체로 이벤트를 많이하니 리뷰 보시고 좋은 선택되시길!,2020-01-16T12:35:16.000Z,1
184,UgxbIRQdkrsPtV5HAb94AaABAg,ITSub잇섭,고민은 하고 있습니다 ㅎㅎ,2020-01-16T12:35:27.000Z,0
185,UgwyZI1HUVAanAI5N0Z4AaABAg,차재혁,@ITSub잇섭 ㅇㅈ,2020-01-16T12:44:55.000Z,0
186,UgwyZI1HUVAanAI5N0Z4AaABAg,ITSub잇섭,맥북 이길 수 있는 노트북이 거의... 없을거에요.,2020-01-16T12:35:38.000Z,0
187,UgyBUe1uAHvDCOTpVMB4AaABAg,조성훈,ㅇㅈ,2020-01-16T12:39:41.000Z,0
188,UgyBUe1uAHvDCOTpVMB4AaABAg,ITSub잇섭,사실 거의 대부분의 랩탑들이 상태를 못할거에요.,2020-01-16T12:35:52.000Z,0
189,UgyYPTK2rvpq5w6kt6l4AaABAg,ITSub잇섭,쫌 애매할 것 같긴한디,2020-01-16T12:35:58.000Z,1
190,UgwnXtrPqUPjs7wuTn94AaABAg,스포티걸,@닭발먹고싶다아 ㄱㅅㄱㅅ!,2020-01-16T15:25:16.000Z,0
191,UgwnXtrPqUPjs7wuTn94AaABAg,닭발먹고싶다아,스포티걸 대충200만원정도해요,2020-01-16T15:06:40.000Z,0
192,UgwnXtrPqUPjs7wuTn94AaABAg,스포티걸,얼마임 저거??,2020-01-16T12:45:01.000Z,0
193,UgwnXtrPqUPjs7wuTn94AaABAg,ITSub잇섭,"성능에 비해서는 비싼 편이지만,
노트북은 휴대성이 생명이다보니 무게/배터리를 생각하면 또 괜찮아서 많이 구입하는 것 같습니다 ㅎㅎ",2020-01-16T12:36:31.000Z,0
194,Ugy1VmwJr8b-GpvbtZh4AaABAg,신대환,@ITSub잇섭 잇섭형님께서 댓글을 달아주시다니ㅠㅠ  영광입니다요ㅠㅠ,2020-01-16T12:43:08.000Z,0
195,Ugy1VmwJr8b-GpvbtZh4AaABAg,ITSub잇섭,헐... S10은 한참전에 떴는데 ㅠㅠ,2020-01-16T12:36:38.000Z,1
196,UgwPFV-9O2tlmr6omNF4AaABAg,ITSub잇섭,올해 14인치로 리프레쉬 예정입니다 ㅎㅎ,2020-01-16T12:32:27.000Z,0
197,Ugz5gXiSP1OaXjSyyZZ4AaABAg,ITSub잇섭,맥북의 사운드는 어떠한 제품이든 실망시키진 않더라구요 ㅎㅎ,2020-01-16T12:32:45.000Z,0
198,UgycdbKHX9ja5wrLstB4AaABAg,ITSub잇섭,보통은 기본에서 많이 사용하다보니 최대한 기본 세팅에서 사용해보고 있습니다 ㅎㅎ,2020-01-16T12:33:02.000Z,0
199,UgwEPwN05wcn0kfmf_J4AaABAg,웅치치,@ITSub잇섭 어홓홓 그램 리뷰도 기대할게용 ><,2020-01-16T12:38:38.000Z,0
200,UgwEPwN05wcn0kfmf_J4AaABAg,ITSub잇섭,FLEX 살 돈으로 그램사려구요 ㅎ,2020-01-16T12:33:10.000Z,1
201,UgyBttLGfLycw7bW74h4AaABAg,ITSub잇섭,??? : 리뷰는,2020-01-16T12:33:18.000Z,0
202,Ugwbk1Ns-7XJuqDd7Kd4AaABAg,V50마니아,@759_부평구청 저도 안보지만 요즘 봇들이 점점 약한 음란물로 올린다고 뉴스에서 봤어요,2020-01-17T05:16:28.000Z,0
203,Ugwbk1Ns-7XJuqDd7Kd4AaABAg,V50마니아,@Joe witt 이야 진짜...,2020-01-17T05:14:54.000Z,0
204,Ugwbk1Ns-7XJuqDd7Kd4AaABAg,V50마니아,@759_부평구청 ?,2020-01-17T05:13:39.000Z,0
205,Ugwbk1Ns-7XJuqDd7Kd4AaABAg,Joe witt,Newclubgirls.life/pVDAqew,2020-01-17T02:32:30.000Z,0
206,Ugwbk1Ns-7XJuqDd7Kd4AaABAg,759_부평구청,@V50마니아보진 않지만(귀찮)예상이 감,2020-01-17T02:29:53.000Z,0
207,Ugy4rs4zNAbVw717qkN4AaABAg,ITSub잇섭,"플렉스가 상위 라인인만큼 더 좋죠 ㅎㅎ 
바디도 더 고급스럽구요.
다만, 가격차이가 꽤 크다보니 가성비는 이온이 좋은 것 같아 구입해봤습니다 ㅎㅎ",2020-01-16T12:33:43.000Z,0
208,UgxMDloDnjBsmx9svAp4AaABAg,잇섭오른손,ITSub잇섭 ??? 전 왼손이랑 절교 했어요,2020-01-16T12:35:03.000Z,0
209,UgxMDloDnjBsmx9svAp4AaABAg,ITSub잇섭,왼손은?,2020-01-16T12:33:53.000Z,0
210,Ugwq5OdF-oAuyajnk2Z4AaABAg,ITSub잇섭,2월에 2020 그램 구입 예정입니다 ㅎㅎ,2020-01-16T12:34:01.000Z,0
211,Ugzi8iZVcDMKnhW7I3t4AaABAg,ITSub잇섭,그... 그거!?,2020-01-16T12:34:06.000Z,0
212,UgwjnTGHfFUSXMNVwl14AaABAg,ITSub잇섭,으으으응????,2020-01-16T12:28:58.000Z,0
213,UgxZuDBGJUCbZFh0jj94AaABAg,ITSub잇섭,어 맞어 ㅎㅎ,2020-01-16T12:29:03.000Z,1
214,UgxZMMNI40v6NO48O2V4AaABAg,악덕그램,ITSub잇섭 삼성에 비하면 좋지 않아요?,2020-01-16T12:41:15.000Z,0
215,UgxZMMNI40v6NO48O2V4AaABAg,ITSub잇섭,엘지도 구립니다..,2020-01-16T12:30:36.000Z,0
216,UgxUoCZSwQsZjmyRE0l4AaABAg,ITSub잇섭,아마 무게+배터리에 초점을 맞추다보니 Full HD를 하지 않았을까해요 ㅎㅎ,2020-01-16T12:29:54.000Z,0
217,UgyjCoSeDWN4t014m314AaABAg,최도현,체급차이 너무 커 ㅋㅋㅋㅋㅋㅋ,2020-01-16T12:42:10.000Z,1
218,UgyjCoSeDWN4t014m314AaABAg,к맑은삶,@ITSub잇섭 스피커 개수 차이가 너무 커서 아무리 AKG라도 고건 좀...,2020-01-16T12:36:24.000Z,4
219,UgyjCoSeDWN4t014m314AaABAg,잠온다으앙,갤북도 괜찮네 하고 있엄ㅅ는데 맥북 넘사..,2020-01-16T12:36:06.000Z,4
220,UgyjCoSeDWN4t014m314AaABAg,ITSub잇섭,그래도 AKG 튜닝이라해서 비교해봤더니 크흠...,2020-01-16T12:30:04.000Z,26
221,UgxLGn4iPfdIaWfZf6d4AaABAg,ITSub잇섭,훌륭한 보조배터리죠.,2020-01-16T12:30:15.000Z,0
222,UgzE4Mz5WVFwk_cWgBh4AaABAg,ITSub잇섭,"QLED라 삼성 패널인줄 알았는데,
BOE더라구요?..",2020-01-16T12:30:53.000Z,1
223,UgyWhewTGbbNWLFMZP94AaABAg,이성준,LG다음으로 음향 변태 ㅋㅋㅋ,2020-01-16T12:49:31.000Z,1
224,UgyWhewTGbbNWLFMZP94AaABAg,ITSub잇섭,아마 맥북 제일 하위 라인업을 갖다놔도 다 바를 것 같은;;,2020-01-16T12:31:05.000Z,3
225,UgwUQRjbD4Xo7kN6KMl4AaABAg,ITSub잇섭,영상 위 제목이 적혀있습니다!,2020-01-16T12:31:16.000Z,0
226,UgxSqDqB7p2TiYNyLUJ4AaABAg,정세윤,@ITSub잇섭 조언 감사합니당,2020-01-16T12:40:04.000Z,0
227,UgxSqDqB7p2TiYNyLUJ4AaABAg,ITSub잇섭,가성비는 이온이 더 좋다고봐요 ㅎㅎ,2020-01-16T12:31:23.000Z,0
228,Ugy9V6NPb7JM5AL7Ib54AaABAg,ITSub잇섭,베트남 싸고 맛난거 진짜 많지 ㅎㅎ,2020-01-16T12:27:11.000Z,0
229,Ugy1dadvehKf6Tj1-EJ4AaABAg,ITSub잇섭,하하하이이잉이이잇!!!,2020-01-16T12:27:18.000Z,0
230,UgzJPV5ml_Obxi3-jcd4AaABAg,ITSub잇섭,사전예약으로 거의 한달 기다렸걸랑;;,2020-01-16T12:27:28.000Z,0
231,UgzvO_ctghTGDNha_914AaABAg,ITSub잇섭,안돼;;;;,2020-01-16T12:27:33.000Z,0
232,UgwDhC-zh_Q8sbn4Y994AaABAg,ITSub잇섭,반갑습니다.,2020-01-16T12:27:40.000Z,0
233,UgyInM_PkD22zv7CV9Z4AaABAg,ITSub잇섭,그만큼 통장도 텅텅입니다 ㅎ,2020-01-16T12:27:49.000Z,1
234,UgxXtHv6VAi7spyziPx4AaABAg,ITSub잇섭,가벼운것이 가장 큰 장점이죠 ㅎㅎ,2020-01-16T12:28:01.000Z,0
235,UgyHllLvXn3pX1App_F4AaABAg,ITSub잇섭,플렉스는 아직 예정에 없습니다!,2020-01-16T12:28:07.000Z,0
236,Ugy8yzGlIRTRTp3Kgfd4AaABAg,ITSub잇섭,사실 맥북프로를 제외한 다른 랩탑 중에서도 맥북만큼 좋은 제픔이 흔치 않죠 ㅎㅎ,2020-01-16T12:28:27.000Z,0
237,Ugy8yzGlIRTRTp3Kgfd4AaABAg,개이득,맥북에 비해서,2020-01-16T12:25:56.000Z,0
238,UgzPyzYD9XEhcH4D9ih4AaABAg,믕릭,난 슈퍼 flex,2020-01-17T08:22:54.000Z,0
239,UgzPyzYD9XEhcH4D9ih4AaABAg,정하영,노래 이름 뭐에요,2020-01-17T08:00:58.000Z,0
240,UgzPyzYD9XEhcH4D9ih4AaABAg,jj j,뭔 개 소리여? 하지만 마음이 간질간질해지는구만,2020-01-17T06:17:41.000Z,0
241,UgzPyzYD9XEhcH4D9ih4AaABAg,kang건,난 플렉스 색 너무 좋음,2020-01-17T05:11:32.000Z,0
242,UgzPyzYD9XEhcH4D9ih4AaABAg,kang건,ㅋㅋㅋ,2020-01-17T05:11:05.000Z,0
243,UgzwzCVXuLQZYTa-8Nd4AaABAg,감자머리,"다음을위한 조련...넌 이미 당해있다





다음대사는 부탁한다...",2020-01-16T13:22:57.000Z,0
244,UgzfpVwu-Fp830clEsZ4AaABAg,ITSub잇섭,당연합니다 ㅎㅎ,2020-01-16T12:25:02.000Z,0
245,UgwsNJhsGINoDDKJqrB4AaABAg,하얀진심,@ITSub잇섭 아 그랬군요. 그래도 영상 엄청 재밌게 봤습니다. 늘 재밌게 찍어주셔서 감사합니다.,2020-01-16T12:29:21.000Z,0
246,UgwsNJhsGINoDDKJqrB4AaABAg,ITSub잇섭,사전예약했는데 엄청 늦게 왔거든요 -_-;;;,2020-01-16T12:24:55.000Z,1
247,Ugzw0wla7mis7xnof554AaABAg,ITSub잇섭,감사합니다!,2020-01-16T12:24:30.000Z,0
248,UgwkwtaX5JHOFeVDXBJ4AaABAg,"먼지인 • 1,000년 전",올해가 아니라 작년,2020-01-16T12:26:28.000Z,0
249,UgwkwtaX5JHOFeVDXBJ4AaABAg,"먼지인 • 1,000년 전",@ITSub잇섭 전 올해 2019버전 샀는데(11월 1일) 몇개월만에 갤북나왔어요 엌ㅋㅋㅋㅋ(최고성능이 i7 10세대이던데.. 노트북9은 8세대..),2020-01-16T12:26:10.000Z,0
250,UgwkwtaX5JHOFeVDXBJ4AaABAg,ITSub잇섭,저도 작년인가 저작년에 샀습니다 ㅎㅎ,2020-01-16T12:24:24.000Z,0
251,Ugyo12Aj-jDwRUIvhKR4AaABAg,치빡이TV,@ITSub잇섭 ㅋㅋㅋㅋㅋㅋㅋㅋ 헉! 잇섭님두.. 아시는군요?! ㅋㅋㅋㅋ,2020-01-16T12:32:07.000Z,1
252,Ugyo12Aj-jDwRUIvhKR4AaABAg,ITSub잇섭,골드스타.... 럭키금성...,2020-01-16T12:24:11.000Z,1
253,UgxH5e6naqopAnpBMVl4AaABAg,테리로,@ITSub잇섭 ㅋㅋㅋㅋㅋㅋ,2020-01-16T12:28:17.000Z,1
254,UgxH5e6naqopAnpBMVl4AaABAg,ITSub잇섭,어허...,2020-01-16T12:21:38.000Z,2
255,Ugyp2g7pDSqaQtpvzFl4AaABAg,Tundra Messier,비교된 대상이 맥프로 16인치라는것을 감안하면...,2020-01-16T12:46:50.000Z,0
256,Ugx34GbqRpU8PwHdSIx4AaABAg,ITSub잇섭,그램살돈 아껴야하걸랑...,2020-01-16T12:21:56.000Z,0
257,UgxccnxQA7zocU-ZJFJ4AaABAg,ITSub잇섭,나 사전예약했는데 저번주에 받았을걸;;,2020-01-16T12:22:07.000Z,0
258,UgylCQhvWtEJ15rvqhh4AaABAg,최현성,ITSub잇섭 ❤️❤️❤️,2020-01-16T12:24:10.000Z,0
259,UgylCQhvWtEJ15rvqhh4AaABAg,ITSub잇섭,XPS도 멋지지,2020-01-16T12:23:58.000Z,1
260,Ugx2JCntKGqLM5wfha54AaABAg,조신후,삼성특이죠 뭔가 허접한포장,2020-01-16T12:38:17.000Z,0
261,Ugx2JCntKGqLM5wfha54AaABAg,ITSub잇섭,아니 이게 말로는 못하는데 실물로보면 박스가 진짜 너무 허접함,2020-01-16T12:21:50.000Z,2
262,UgyWou7UQZGJjlFEt5l4AaABAg,한조는내마음속의영웅,"@ITSub잇섭 형영상에야동봇들이
너무많아",2020-01-17T02:35:55.000Z,0
263,UgyWou7UQZGJjlFEt5l4AaABAg,Joe witt,Newclubgirls.life/pVDAw16,2020-01-17T02:31:52.000Z,1
264,UgyWou7UQZGJjlFEt5l4AaABAg,오리,와드 그런얘기 아무도 안해..,2020-01-17T02:11:40.000Z,0
265,UgyWou7UQZGJjlFEt5l4AaABAg,로아크,@김종섭 에어랑 비교해도 사운드는 애플이 훨씬 나요,2020-01-16T20:33:51.000Z,0
266,UgyWou7UQZGJjlFEt5l4AaABAg,백이젠,진짜 압도적사운드 ㄷㄷㄷ,2020-01-16T17:01:50.000Z,0
267,Ugyz3Bw24VLDqbOlSql4AaABAg,유튜브조치원역,@ITSub잇섭 형 다른사람도 제발 하트주고 답글좀 남겨줘 형영상 댓글 보면 하트가 읎어,2020-01-16T12:26:22.000Z,0
268,Ugyz3Bw24VLDqbOlSql4AaABAg,황근욱,ITSub잇섭 ㅋㅋㅋㅋ,2020-01-16T12:21:34.000Z,0
269,Ugyz3Bw24VLDqbOlSql4AaABAg,ITSub잇섭,이번에 그램이랑 제대로 한번 비교해보려고 ㅎㅎ,2020-01-16T12:20:37.000Z,1
270,UgzxF-IMl8oV5BPdkf94AaABAg,ITSub잇섭,젠북 프로 듀오는 제품 제공받은거에요 ㅎㅎ,2020-01-16T12:25:22.000Z,1
271,UgxNIkCJjobVAomJ-Vl4AaABAg,잇섭팬,wat-ch,2020-01-16T13:23:11.000Z,0
272,UgxNIkCJjobVAomJ-Vl4AaABAg,ITSub잇섭,워-치,2020-01-16T12:20:46.000Z,0
273,Ugye7_NjveGVJ-tg8qp4AaABAg,ITSub잇섭,전체적인 사양은 맥북 16인치가 더 좋을걸 ㅎㅎ,2020-01-16T12:23:39.000Z,0
274,UgwLrTdvp3ACfs6KmBh4AaABAg,국경준,@ITSub잇섭 큭 내 *ㅋ* 이졌다ㅠㅠ,2020-01-16T12:58:04.000Z,0
275,UgwLrTdvp3ACfs6KmBh4AaABAg,ITSub잇섭,ㅋㅋㅋㅋㅋㅋㅋㅋㅋㅋㅋㅋㅋㅋㅋㅋㅋㅋㅋㅋㅋㅋㅋㅋㅋㅋㅋㅋㅋㅋㅋㅋㅋㅋㅋ,2020-01-16T12:23:21.000Z,1
276,Ugwr76_Cq-USXt-w31N4AaABAg,김형준,Zzz,2020-01-16T12:17:53.000Z,0
277,UgwQBkGYl0dEscpQ4nR4AaABAg,ZeniMo,차가 밟음?,2020-01-16T12:58:28.000Z,0
278,UgwQBkGYl0dEscpQ4nR4AaABAg,서재완,? 그게 깨져요?,2020-01-16T12:42:39.000Z,0
279,UgyAImGQYASemN3pvV94AaABAg,ITSub잇섭,당연하지 ㅎㅎ,2020-01-16T12:21:23.000Z,0
280,UgwI6QJKvqtjQy62bU54AaABAg,정태민태민,@ITSub잇섭 와우!,2020-01-16T23:41:28.000Z,0
281,UgwI6QJKvqtjQy62bU54AaABAg,ITSub잇섭,예.,2020-01-16T12:23:11.000Z,0
282,Ugx2aidWe9_DgcYPxxJ4AaABAg,국경준,@의사양반 ㅠㅠ 언젠가 합체될것이다!!,2020-01-16T13:00:35.000Z,0
283,Ugx2aidWe9_DgcYPxxJ4AaABAg,잇섭오른손,ㅋㅋㅋㅋ,2020-01-16T12:35:46.000Z,0
284,Ugx2aidWe9_DgcYPxxJ4AaABAg,Abe Lee,@lshong1013 a 내가 분해 때문에 중고라니! 아이고 분해!,2020-01-16T12:31:38.000Z,0
285,Ugx2aidWe9_DgcYPxxJ4AaABAg,의사양반,@ITSub잇섭 아 드뎌 분해구걸충의 꿈이 이루어지는건가..,2020-01-16T12:31:01.000Z,1
286,Ugx2aidWe9_DgcYPxxJ4AaABAg,lshong1013 a,이온: 아니 이게 무슨 소리요 의사 양반 내가 분해라니! 내가 분해라니!!!!!,2020-01-16T12:29:04.000Z,0
287,UgxxA9mSyDHuWHmjsu94AaABAg,이현규,@ITSub잇섭 재고가 읍어 ㅠㅠ,2020-01-16T12:26:42.000Z,0
288,UgxxA9mSyDHuWHmjsu94AaABAg,ITSub잇섭,가성비 갑,2020-01-16T12:20:21.000Z,1
289,Ugxlz2L1bwEbuVNM8N94AaABAg,ITSub잇섭,그램은 2월에 사서 리뷰하려구요!,2020-01-16T12:24:41.000Z,1
290,UgyUPFIvbRrf7O3uPtp4AaABAg,ITSub잇섭,곧 해보즈아!,2020-01-16T12:24:02.000Z,0
291,Ugx_d9G-oM_8xjaRJfh4AaABAg,ITSub잇섭,ㄱ,2020-01-16T12:22:35.000Z,0
292,Ugxe1Cnr_29nUlpl7XF4AaABAg,ITSub잇섭,시계로 챙겨보자,2020-01-16T12:19:57.000Z,13
293,UgxnocgvKkGzWUwc8O94AaABAg,이상진,@ITSub잇섭 부럽습니다.,2020-01-16T12:26:33.000Z,0
294,UgxnocgvKkGzWUwc8O94AaABAg,ITSub잇섭,저도 할부로 사봤습니다 ㅎㅎ,2020-01-16T12:21:00.000Z,0
295,UgyzhTKauSuEc8mfwHV4AaABAg,ITSub잇섭,올해 이사가면 ㅎㅎ,2020-01-16T12:25:37.000Z,0
296,UgyyIMe1BlpMMo1TNlJ4AaABAg,ITSub잇섭,미밴드4가 있다면 굳이 ㅎㅎ,2020-01-16T12:22:29.000Z,0
297,UgxDPPf5uMQRM7LYCxR4AaABAg,ag 008,형 바로 쳐볼게 고마워어 일주일 동안 쳐봤는데 ㅎ,2020-01-16T12:29:03.000Z,0
298,UgxDPPf5uMQRM7LYCxR4AaABAg,ITSub잇섭,10 초반이면 레오폴드가 괜찮은데,2020-01-16T12:22:17.000Z,1
299,UgxooK8V9JaaFbL_-Q94AaABAg,구독안하면프사니미래여친,잇에듀케이테디 키섭,2020-01-16T12:52:22.000Z,0
300,UgxooK8V9JaaFbL_-Q94AaABAg,ITSub잇섭,ㅎ,2020-01-16T12:20:05.000Z,3
301,UgxooK8V9JaaFbL_-Q94AaABAg,이재현,황인기 황인기 ㅋㅋㅋㅋ,2020-01-16T12:17:43.000Z,0
302,Ugx0Z9NTxs6_kOazYm54AaABAg,시러시러,맨날맨날 알림 올때 보는데 왜 1등은 안닌지..,2020-01-16T12:16:43.000Z,0
303,UgxRlgPiDSYV74JWRFl4AaABAg,ITSub잇섭,조-타,2020-01-16T12:25:10.000Z,0
304,UgyHWYelvUsXXvjdpWF4AaABAg,ITSub잇섭,ㅃ름,2020-01-16T12:21:07.000Z,0
305,UgzknRgT4bWPQciyJRR4AaABAg,윤유겸,2등이네,2020-01-16T12:16:14.000Z,0
