,id,comment,author,likecount,publishedAt
0,UgyggPDCtb5eXGKx-7N4AaABAg,119리믹스 언에듀 ㄷㄷ,튀김아잉,0,2020-01-17T08:50:54.000Z
1,UgzP9gYHq5PnXDXuKYJ4AaABAg,그램그램 램 기다립니다아~~~ ㅎㅎㅎ,random,0,2020-01-17T08:36:06.000Z
2,UgwASG3dAWGAlCBfcNp4AaABAg,"우째 LG는 모터달린 가전이 다른 가전보다 우위에  있다고들 하는데... 아니가부네
잇섭님이 모터없는 TV랑 그램시리즈를 인정하다니",REBUILDING HAM,0,2020-01-17T08:28:06.000Z
3,UgxmguaTZPRg7_9qT_B4AaABAg,"차라리 돈 더 얹어서 프레스티지를 사겠다..
근데 맥북 사운드 인간적으로 너무 압도하는데... 이어폰 안끼고 들어도 차이가 느껴질 정도면..",pneumonoultramicroscopicsilicovolcanoconiosis,0,2020-01-17T08:25:54.000Z
4,Ugz_S4mBvbg7HEbeIdN4AaABAg,QLED는 발광다이오드(LED)가 아니라 백라이트가필요한 LCD라는...,Jiuk Lee,0,2020-01-17T08:22:59.000Z
5,UgwMw7Zs2tnSlFpicAN4AaABAg,페이스북에 무광 블랙 에어팟 잇는데 가성비 리뷰 해주세요,f u,0,2020-01-17T08:22:28.000Z
6,UgxxzynCXrtAhZBIRqp4AaABAg,이온은 핸드폰이랑 동기화가 돼나요?,이수혁,0,2020-01-17T08:22:00.000Z
7,UgymuQ2BvPW-k0ZaTWx4AaABAg,"쉬프트키 진짜 극혐임
저런 노트북 샀다가 블루투스 키보드를 따로 샀다.
잘생각해보시길 저게 제일 큰 단점",유락희,0,2020-01-17T08:17:46.000Z
8,Ugz9EN8A9UWGTphL1BR4AaABAg,형형 그 카카오 이어폰에 이을 BT21무선이어폰 리뷰해줭,갤럭시여덞십,0,2020-01-17T08:16:27.000Z
9,UgzFoBmDkZuscKQCfLB4AaABAg,드디어 나왓네요 맥북2020도 알려주세요 형님맥북사주세여 갇고싶오요 ㅠㅠㅠㅋㅋㅋㅋ,하이올린,0,2020-01-17T07:58:27.000Z
10,UgzffPFrlVwYPVkAVJx4AaABAg,잇섭 특:  사용기 올려준다면서 안올려줌,;;세미콜론,0,2020-01-17T07:30:39.000Z
11,UgzuRIWIYX0edlky-kB4AaABAg,역시 샘송!,TOM HEO,0,2020-01-17T07:18:05.000Z
12,UgwSaIMFGYJH2B-To2F4AaABAg,5252 기다렸다구!!!,김형조,0,2020-01-17T07:15:36.000Z
13,UgwvqxE1ma4w967A5rZ4AaABAg,그램보다 좋은게 없네.. 무겁고 배터리 적고 베젤 두껍고 기타등등..,파브라늄,0,2020-01-17T07:09:46.000Z
14,UgwSRGJQOYKpY6fCp1p4AaABAg,6:01 에 액정이 어디껀지는 확인 어떻게 해요?ㅋㅋ,vincent an,0,2020-01-17T06:48:43.000Z
15,UgxcI5FiSiXvNz1F9-d4AaABAg,옵치가 돌아갈까요??,이도운,0,2020-01-17T06:44:20.000Z
16,UgwtbmbrlK-2nZWj27Z4AaABAg,"삼성 언플의 대명사 QLED.. 퀀텀닷..
그게 아닌데 쨍하니 좋으면 좋은거다..
어휴.. 디스플레이는 LG못따라감",꽝이면어떠하리,0,2020-01-17T06:35:15.000Z
17,UgwfvW_xJwfxPHRFAE94AaABAg,"여러분 노트북 사실때 게임하시는 분이라면 그래도 내장 있는거 추천드려요 내장 그래픽이랑 외장 달린거랑 생각보다 돌릴 수 있는 게임에 차이가 있더라구요
고사양 게임은 둘다 못돌리지만 애매한 사양이면 내장은 꿈도 못꾸지만 외장 있으면 가능합니다",ChoiysApple,0,2020-01-17T06:35:07.000Z
18,Ugz4rPeNSMiL1mIsGEh4AaABAg,이거 리뷰하고 환불함??,로또파크,0,2020-01-17T06:18:50.000Z
19,Ugx2TzIkcDo_Ecretzx4AaABAg,"잇섭님 알리익스프레스 에어팟 리뷰 해주세요 
프로도 실제와 똑같은 제품이 있어요",박데니스,0,2020-01-17T06:09:04.000Z
20,UgyLjQOFulb5D6pqqiV4AaABAg,8:20 내가 다 속상하다..,밍찌채널,0,2020-01-17T05:59:06.000Z
21,UgxqPaYK_521qTvzKH14AaABAg,잇섭님 가격 상관 없이 게이밍 키보드 뭐가 괜찮나요??? 제닉스 보상판매로 30프로 할인해서 살 수 있긴한데 좋은 키보드 있으면 그 혜택 포기하고 다른 제조사로 넘어갈 생각도 았습니다 ㅎㅎ,jay park,0,2020-01-17T05:53:11.000Z
22,UgyUyKfl0czbnN5jrol4AaABAg,"어라? 삼성 노트북....??

오우 ^^lqkf 도망가~~!!!!!",hyeonwoo Jo,0,2020-01-17T05:44:27.000Z
23,UgwkjFQO3Zz7iVLW99h4AaABAg,lg는 그램이라는 말 자체는 너무 잘붙였어 말만으로 가볍다는 느낌이 듬,JSB,0,2020-01-17T05:39:14.000Z
24,UgxyCXQrFk6yuydamTB4AaABAg,스피커를 맥북이랑 비교해보린다고????,hyun ho,0,2020-01-17T05:36:55.000Z
25,Ugy_bseqrTYuwTo81Bt4AaABAg,ㅂ1ㅆrㄷr...,호현김,0,2020-01-17T05:36:22.000Z
26,UgwtrX4wRJZtNsHAJrR4AaABAg,이젠 홍지승이 컴퓨터방송하네 대단하다.,언니거긴안돼,0,2020-01-17T05:32:57.000Z
27,Ugwgq92CrV6EPdgwMPt4AaABAg,혹시 a10e 리뷰해주실 수 있으신가요?,김연재,0,2020-01-17T05:32:27.000Z
28,UgzSzPIKo1LDguBEE9d4AaABAg,"잇섭형 컨텐츠 하나 추천해줄께 
형이 옛날에 올렸던 영상 보는거 어때?",하건욱,0,2020-01-17T05:30:54.000Z
29,Ugw8c6aSaW5BEu5jtbB4AaABAg,"잇섭형!! 게이밍 유선이어셋중에 가성비 지리는거 리뷰해보시는건 어떠세요? 헤드셋을 싫어하시는분한텐 큰 도움이 될거같아요





내가 그런건 안비밀^^",빠꾸Pachu,1,2020-01-17T05:29:45.000Z
30,Ugzav78uhT8ITV2ToYl4AaABAg,"안녕하세요 잇섭님. 영상 잘 보고있습니다. 궁금한게있는데, 답변 기대할게요!.

한성 tfx 255s은 어떤가요? 삼성이나 엘지와 비슷한 사양이면서 가격은 더 저렴한데, 잇섭님이 보기에는 쓸만할까요?",심경섭,0,2020-01-17T05:26:27.000Z
31,UgzRF_4v2Dk8wtCDqbB4AaABAg,스카이디지탈 nkeyboard A1 언박싱 가능하신가요?,최민준,0,2020-01-17T05:14:47.000Z
32,UgyuoxlWXlvagCyk_F14AaABAg,4:06 단점2 :  shotgun 못함,올라가라,0,2020-01-17T05:04:38.000Z
33,Ugyc8KwwoALj-asgIsV4AaABAg,엥 내가 샀을때는 파우치랑 마우스 없었는뎅,상어,0,2020-01-17T04:52:17.000Z
34,UgwQ-jhco1a5_F5rLYF4AaABAg,플렉스도  같이  리뷰해주세요,게임하는우림이,0,2020-01-17T04:47:35.000Z
35,Ugw4xF-ukjZlCBjpY394AaABAg,Flex하는데 돈을 다 썼어,강북구멧돼지,0,2020-01-17T04:46:47.000Z
36,Ugw5WpzuOwptlDIfNEh4AaABAg,잇썹님 싸고 성능 좋은 노트북 추천좀 해주세요,김도현,0,2020-01-17T04:45:35.000Z
37,UgxQUv4ZGMvPyBa7E5N4AaABAg,삼성은 다른것도 좋지만 기본 구성품이..크으,알록이TV,0,2020-01-17T04:43:15.000Z
38,UgzUqxCOMNIjcYGxtax4AaABAg,"일주일 전에 사서 쓰고 있는데 정말 너무 좋아요😆
다만 아쉬운게 있다면 쉬프트 작아진거? 그리고 키감이 약간 별로일수도 있는거? 이것들 빼고는 너무 만족 하면서 쓰고 있어요 ㅎㅎ",남현호,0,2020-01-17T04:36:55.000Z
39,UgzqI9uZXANP1t1IRx94AaABAg,"겔럭시 북 영상에 갤럭시북 광고 
ㅋㅋㅋㅋㅋ",SUPERBRAWL슈퍼브롤,0,2020-01-17T04:36:39.000Z
40,UgxLorEfLBFoIllFRpd4AaABAg,2020그램에는 아이스레이크 cpu가 탑재되면서 전력소비가 기존보다 많아져 배터리의 용량은 올랐으나 실 사용시간은 이온이 더 길다고합니다 2020그램 언박싱하실때 비교해주시면 좋겠네요,slash G,0,2020-01-17T04:29:44.000Z
41,Ugypi__eqqNaRPG9sIV4AaABAg,구지 엄청비쌀까봐 사전예약하기 1일전에 노트북 pen s 를 산 흑우 1인,tech hy,0,2020-01-17T04:29:12.000Z
42,UgwZEKZxJkj1Rds61hl4AaABAg,아 중국 BOE 패널은 에반데..,TheObamaself,1,2020-01-17T04:26:32.000Z
43,UgwijwHsVgTTbez7OCB4AaABAg,"실사용자로서 엄청 잘 쓰고 있는데 엄청 많이 비판하시네요ㅠㅠ
전 개인적으로 맛이 간 그램의 마감보다 이온의 깔끔함이 낫다고 생각합니다",김태환,0,2020-01-17T04:19:09.000Z
44,UgxwasdUpjYiqo-4WFV4AaABAg,"와  


                         우",국준TV,0,2020-01-17T04:15:14.000Z
45,Ugz2g7fB72Oa6PKv-F14AaABAg,형 저 주세요 사기너무 눈치보여요,최대훈,0,2020-01-17T04:14:29.000Z
46,UgxMSUtIa6NWLDvFUGN4AaABAg,형 인텔 시스템 글카 바꿈?,정선영,0,2020-01-17T04:11:52.000Z
47,UgxqStw7J10PhLUIlxF4AaABAg,갤럭시플렉스도 리뷰해주세요,신신신,0,2020-01-17T04:07:09.000Z
48,UgyeLY6tfvnpvkVfIzJ4AaABAg,잇섭님 플랙스.이온.그램 제품들에 egpu설치하셔서 리뷰해주시면 안될까요?,mayoclzl,0,2020-01-17T04:05:26.000Z
49,UgxpFb367Eakj2UkqA54AaABAg,07:11 핵심 리뷰,수우달,0,2020-01-17T04:03:28.000Z
50,UgxM3qvcEu2AoOwehjN4AaABAg,와 이온 사려고 했는데... 일단 거른다,슬프니까개구리,0,2020-01-17T04:02:20.000Z
51,UgztVbg4khAEcnTCOvh4AaABAg,삼성 스피커는 애플에 비하면 차이가 너무 많이 나네,b Y,0,2020-01-17T04:01:19.000Z
52,UgxxbHzPgeX47nao51V4AaABAg,1:00 손하트♡,테크팟,1,2020-01-17T03:59:44.000Z
53,UgwfFC8xFYoL8vPP_Wt4AaABAg,노트북이 나의 가치를 매겨?,troll juheon,0,2020-01-17T03:52:08.000Z
54,UgxGE0BO8acnuBX_XmV4AaABAg,LG는 휴대폰만 -버리면- 잘좀 어떻게 해보면 전자제품 인정할만한데인듯,마까르따,0,2020-01-17T03:51:24.000Z
55,UgxnWwib6FgMQ7IfhaR4AaABAg,"그래도 이번까지는... 








gram?",007 f,0,2020-01-17T03:49:15.000Z
56,UgxI1HJPhMKbyIg0Ck54AaABAg,랜 포트는 없네,DO WAL,0,2020-01-17T03:46:50.000Z
57,UgxBPGuO4j94IuI5HJB4AaABAg,잇섭님 (  https://www.youtube.com/watch?v=R_7EAi9ofUU  )← 혹시 이 영상에 나오는 다이슨 거치대 모델명이나 구매 주소를 알 수 있을까요?,유종엽,1,2020-01-17T03:44:57.000Z
58,UgxBfQgfCTNfWYeg0Qd4AaABAg,"다음 인트로에서 한쪽에는 갤워치,버즈차고 다른쪽에는 애플워치,에어팟차주세요",이카,0,2020-01-17T03:44:57.000Z
59,Ugx0AgbfVeDxrwF7wTx4AaABAg,파우치라우마우스는 삼성닷컴에서 구입할때만 줍니다,snuplay,1,2020-01-17T03:40:01.000Z
60,UgwJ0cuWlQpJhXt6kWN4AaABAg,휴대성을 무시하고 에일리언웨어를 산 호구가있다 쀼슝빠슝,성원이,0,2020-01-17T03:34:33.000Z
61,UgyPV8aIEsgDeXtcZ0J4AaABAg,일단 이번 시리즈에서는 램 슬롯과 확장 스토리지 슬롯이 하나씩 생겼다는 점이 매우 큰게 아닐까 싶습니다 기존에는 온보드 메모리 하나만 있어서 16GB 램 들어간 제품을 살려면 결국 i7로 갔어야 했는데 이제 i5 사도 되니까요,Jaehyun Jang,0,2020-01-17T03:33:54.000Z
62,UgyxbSAA6C6Nhok7DgN4AaABAg,맥북 프로랑 비교하기엔 이온 두대값이던데... 이온 보고 맥북 프로 살려다가 가격보고 다시 이온이랑 그램중에서 고민하게 됨,Jaehyun Jang,0,2020-01-17T03:31:03.000Z
63,UgzNcIEOKT0jhuuoTbh4AaABAg,"3:19 
그럼 i9달고나온 콩축이 낫겠네",흑우잇섭,3,2020-01-17T03:30:41.000Z
64,UgyqP-ZF-O8LlKRMZCl4AaABAg,형 중딩인데 가성비 괜찮은 노트북 추천해주세요,레킹볼사랑,0,2020-01-17T03:26:43.000Z
65,UgwQZYpTo9-2JRh5lWZ4AaABAg,아 진짜 맞아여... 팬 소음... 웹 서핑만 하는데도 너무 자주 크게 돌아가여....,Cheolwoong Park,1,2020-01-17T03:17:45.000Z
66,UgzqgDKLK-cjW4WbNxh4AaABAg,2:13 ㅋㅋㅋㅋㅋㅋㅋ표졍 미쳤눜ㅋㅋㅋㅋㅋㅋㅋㅋ,김도영,0,2020-01-17T03:12:35.000Z
67,UgxOpGZhSHLn8rcVA_x4AaABAg,와! QLED 와! AKG 와! 샌즈!,주동현,0,2020-01-17T03:05:01.000Z
68,UgzrV6ch-012bNTqNPJ4AaABAg,엌ㅋ200이면??... 맥북 ㄱ??,홍대SpongeBob,1,2020-01-17T03:04:27.000Z
69,UgywCe5FjZ0BUHHaFNx4AaABAg,잇섭님 팬분들 조용히 해주세요. 팬 소음이 좀 있데요,Peter Park,0,2020-01-17T03:01:50.000Z
70,UgzpxWEqOzLT_3RN0Nt4AaABAg,"인트로 : 헬로우 스마트 워치
영상 : 애플워치",나 구독 안누르면 이여자가 너 찾아감,0,2020-01-17T02:57:18.000Z
71,UgywMVZ4VZfFDCtxAKl4AaABAg,4:46때 순간 가슴이 철렁 했다 ㅋㅋ,권회섭,0,2020-01-17T02:56:02.000Z
72,UgxET6MQ4b-7Mzmrlz54AaABAg,너무 비싸...예쁘긴 예쁜데....,대로크Greatroke,0,2020-01-17T02:44:23.000Z
73,Ugx-3AaolcDzfL7bFHB4AaABAg,삼성은 예로부터 노트북 가성비 개떨어지게 만들었는데... 디자인도 개인적으로 별로고... 성능도 우웩.. 그러면서 100만원 훌쩍 넘어가고,nothave,0,2020-01-17T02:42:23.000Z
74,UgyTB9b5q86JUyBEnOJ4AaABAg,그래서 분해는 언제해 형?,김민수,0,2020-01-17T02:29:57.000Z
75,UgxMs_IOZp7g2CNi1Kt4AaABAg,띠요옹 터치패드를 무선충전패드로 쓰다니 씽크빅이네,homeageify,0,2020-01-17T02:21:19.000Z
76,UgzFqwxNhr-duvESrfN4AaABAg,어제 x으로 바꿨는데 잇섭님 영상은 x최적화 비율이네요 ㅎㅎ,junsu Seo,0,2020-01-17T02:19:50.000Z
77,UgxI5VK2jzLPKWN0sXh4AaABAg,와 스피커는 맥북이 깡패네요;;,daniel ahn,0,2020-01-17T02:18:55.000Z
78,UgyDQB8O-2ncoL12S7x4AaABAg,"오른쪽 Shift 안쓰시는 분?
난 타자칠 때 한번도 안써봤음..",Patrick Cho,0,2020-01-17T02:08:14.000Z
79,Ugzf6X2ed0Dk5-8v4Pt4AaABAg,맥북이 짱이네요^^,minkook1108,0,2020-01-17T02:00:39.000Z
80,UgxTcWXuPxEopLuRi594AaABAg,"LG:헫 인기 많아져아짓ㅎ
삼성:헫 이겨버려아짓ㅎ
화웨이:헫 따라해야짓ㅎ
샤오미:헫 돈 아껴야짓ㅎ(유혹)",박가람,0,2020-01-17T01:58:59.000Z
81,Ugwhc01yHqlayy9Ap-N4AaABAg,키보드 로켓 벌칸 121 aimo 리뷰해줘,맴매,0,2020-01-17T01:43:45.000Z
82,UgzTUS7uPUtP-8xdsr14AaABAg,다음편은 플랙스인가요?ㅎㅎ,대구박J.W,0,2020-01-17T01:41:35.000Z
83,UgxgLYHdO2AtJaUbcEx4AaABAg,qled 넘조음  대형 oled극혐하는1인,개짐승,0,2020-01-17T01:36:22.000Z
84,UgzrVQsxWX1KvbxhYaZ4AaABAg,이번에도 유심모듈러는 빠졌네요 별도의 수신장치 출시해줬으면 좋겠어요,Golbang I,0,2020-01-17T01:29:47.000Z
85,Ugz4GOSCu0N-vvyGod94AaABAg,7:46 ddr..?,GUK PPong,0,2020-01-17T01:26:34.000Z
86,UgwdO5fm1o4gv2gVt5Z4AaABAg,"배터리에대한 설명은 아쉽네요
실제로 그램이 배터리 용량은 크지만 실 사용시간은
갤럭시북이온이 앞섭니다
리뷰할때는 제대로 알아보고 리뷰했으먄 좋겠습니다",이기수,0,2020-01-17T01:24:24.000Z
87,UgwKrT8NDf_9HzXwS_14AaABAg,오.. 영상 비율 나이스 하네 형...,문관호,0,2020-01-17T01:21:18.000Z
88,UgxqDlLeM--DRke-he54AaABAg,"8:10
Lee제Dragon: 이 노트북 튜닝한 놈 빨리 대려와.",Deemo와소녀,7,2020-01-17T01:11:16.000Z
89,UgyfTgvWx4aOBz5fxUR4AaABAg,인트로 하나로 두개의 영상을 보게 하는 형은 정말 천재인듯 ㅋㅋ,개기구만처나니,0,2020-01-17T01:08:17.000Z
90,UgzhVg3lyHD6J-TSXM54AaABAg,플렉스 실버 리뷰 언제하누 ?,H Teacher,0,2020-01-17T01:03:50.000Z
91,UgwoPnH1MWaK3MaMKMR4AaABAg,혹시 젠북 14인치 리뷰도 부탁드릴 수 있을까요?,이상윤,1,2020-01-17T00:58:24.000Z
92,UgxAFLhT3l5oIVcnZr94AaABAg,전에 그램이랑  올웨이즈9랑 두개 동시에 같은 i5에 16기가 ram 256ssd 로 비교해서 써봤는데 트랙패드가 그램은 좀 버벅이고 올9는 깔끔하게 동작했고 멀티태스킹 전환도 그램은 버벅이고 올9는 깔끔하게 움직였어요,포롱놀이터,0,2020-01-17T00:55:09.000Z
93,UgyixdBZue-_GR-Abjd4AaABAg,그램은 어떻게 같은 사양에 배터리도 더 많은데 더 가벼운거지?,안녕안녕,0,2020-01-17T00:48:29.000Z
94,UgzOKfxO5iXhzXiHrGd4AaABAg,진짜 스피커는 맥북프로가 지린다..넘사..,히로,0,2020-01-17T00:46:31.000Z
95,UgyLDLnBnGtGMFEQUTV4AaABAg,오 119 리믹스에 잇섭도 들어가야할듯,훈지오리고기,1,2020-01-17T00:42:41.000Z
96,UgzN7ZPOrFdubyjgpl14AaABAg,솔직히 그램2020 기대되는건 사실임..,권범성,1,2020-01-17T00:40:28.000Z
97,UgwQlOuQQO-1qFOiYwt4AaABAg,"솔직히 가격대가 너무 비싸게 형성됨. 마무리 기술 같은 건 인정하는데, 차라리 안쓰는 부과기능(저속무선충전같은...) 빼고서 가격을 좀 낮췄으며 그램 다 잡았을 건데...",MYEONG HO HAN,0,2020-01-17T00:36:32.000Z
98,UgwJzMP-fDv41GgZ0Ix4AaABAg,가벼운거 외엔 장점이 없나봐요 ㄷㄷㄷㄷ,jk nara,0,2020-01-17T00:33:42.000Z
99,UgydPXSHTxX135dAJm14AaABAg,"든든한 국밥이 아니라 스마트워칰ㅋㅋㅋ
인트로보소ㅋㅋㅋ",나는야 요징어 [영상툰&전자기기가 조하],1,2020-01-17T00:29:16.000Z
100,UgyLuap6PWtlRx0egAJ4AaABAg,형~~! *인트로 모음집* 가야지!!!!,나는야 요징어 [영상툰&전자기기가 조하],1,2020-01-17T00:28:45.000Z
101,UgxY4GCv5EBYyQLaGM54AaABAg,소리가 빈약해!,전자기기갖고싶다!,0,2020-01-17T00:21:14.000Z
102,UgyQJ4uvH2GxGAdKKRB4AaABAg,"이상한게 백스페이스가 두개에여 
딜릿트키 기준 아래에하나 오른쪽에하나",Giseok Han,0,2020-01-17T00:18:39.000Z
103,UgxP5dhmPlaKIvr-LfZ4AaABAg,"잇섭이 형 이제 곧 뱅앤올룹슨 e8 3.0이 나오니까 
다시한번 F.L.E.X 하자.?",최우혁,1,2020-01-17T00:18:29.000Z
104,Ugxa977RN1E_lkG0Fex4AaABAg,잇섭님 화면비율 몇으로 편집하세요?? 아이폰 비율에 딱맞아서 유튜버중에 가장 화면이 마음에 들어요,Torch,1,2020-01-17T00:15:20.000Z
105,UgzV8J69dyDrtS5Y0AB4AaABAg,태클라스트 p10hd리뷰좀요,이지원,0,2020-01-17T00:13:12.000Z
106,UgwkQIfZbMDLk9An85B4AaABAg,역시 스피커는 맥북 못이겨 ㅋㅋㅋㅋ,김도원,0,2020-01-17T00:11:05.000Z
107,UgzKrwNTLKi2JiyI1x54AaABAg,"이상하게,, enter키는 당연하다 쳐도.. shift 키도 크기나 위치가 조금이라도 바뀌면 그렇게 극혐일수가 없드라요.. 왜그러는걸까? 그리고 왜 놋북 만드는 사람들은 그걸 모르는걸까...?",kyu man Rho,0,2020-01-17T00:09:58.000Z
108,UgzSCEzVOt4o1BKBPIF4AaABAg,5:57 패널 확인 어떻게 하나요?,조원석,0,2020-01-16T23:59:19.000Z
109,Ugwj8oLyodYS0lEZ5X54AaABAg,와! 무선 마우스! 안써..,구독 누르면 남친 or 여친 생김,1,2020-01-16T23:57:45.000Z
110,UgwUkmoQNFVnam9OnUl4AaABAg,분해기도 보여주실거죠?,abc dcd,0,2020-01-16T23:52:16.000Z
111,UgyGivh9QkEkZkBZYmN4AaABAg,삼성은 언데까지 저럴까?,포박스,0,2020-01-16T23:51:12.000Z
112,UgwrFH6vGktgaX6Z5gl4AaABAg,플렉스랑 이온이랑 s랑 차이점 설명해줘요,박준형,0,2020-01-16T23:50:51.000Z
113,Ugyj4Dijy_qo9qO_W714AaABAg,맥북미만잡이네 ㅎ,맨시티,0,2020-01-16T23:45:29.000Z
114,UgxaCOohjy3km0PoFHV4AaABAg,삼성 갤럭시북 이온 해체쇼,끝계,0,2020-01-16T23:38:46.000Z
115,UgzcwxBZlnA1iWH-9np4AaABAg,형 해체쇼 할꺼지??,심희준,0,2020-01-16T23:31:08.000Z
116,UgzFk-v8R3c6MUlpUC94AaABAg,히팝마저 아우르는 성왕...,김수영,0,2020-01-16T23:24:47.000Z
117,UgxqgwC_5r-rwtEX0CR4AaABAg,인트로만 배운 놈인가요?,Sky cheese,0,2020-01-16T23:20:12.000Z
118,Ugw8dKgcaGrvksr7IF14AaABAg,그래두 나같으면 삼성노트북보단 돈 조금 더주고 맥북산다,아임로두마니,0,2020-01-16T23:19:48.000Z
119,UgxU6mzN96TsujUcxK94AaABAg,18년도에 노트북 펜 구매해서 사용중인데 최근에 나오는 삼성 노트북들 보면 디자인이 잘 뽑혀져 나와서 많이 탐나네요. ㅠㅠ,김동호,0,2020-01-16T23:18:13.000Z
120,Ugxoj6LuRsSk8l4omtt4AaABAg,7:47 ddr4................ 서섹킹,김영재,0,2020-01-16T23:16:00.000Z
121,Ugy8wpKRFZwZulPKSpt4AaABAg,게이밍 노트북 추천 해주세요!,전재원,0,2020-01-16T23:14:26.000Z
122,UgwqDNxSvEA2NSqBMi14AaABAg,한성이 좋아요? 아니면 레노버가 좋아요?,잡다한채널,0,2020-01-16T23:12:54.000Z
123,Ugwe7y63NcGyym2W2Yd4AaABAg,그램이 더 좋으면 저 노트북 저 주세요!,남현호,0,2020-01-16T23:12:32.000Z
124,Ugx7sQ5-2BMX6PIuVfF4AaABAg,브금- ehlring-dance with me,¿메두,1,2020-01-16T23:09:18.000Z
125,UgzeoicTvjYkalxQHKl4AaABAg,"오픈마켓에서 사면 마우스랑 파우치 없어요. 윈도우 미설치 버전은 윈도우 설치랑 드라이버 설치하는 설명도 없어요.
삼성전자서비스 홈페이지에서 검색해서 해야 해요.",ᄋᄋ.,0,2020-01-16T23:06:03.000Z
126,UgxV6O8PVbN1Y_KxIj14AaABAg,와! 나 폰 엘지폰이여서 21:9인데 비슐 너무좋음,VERY GOOD,0,2020-01-16T22:59:48.000Z
127,UgwNSEhe21jXgxiiOtN4AaABAg,LG  x6 리뷰해주세요,난형난제,0,2020-01-16T22:59:10.000Z
128,UgxZXwWtI5LGh3LD8mh4AaABAg,음성으로 '잇섭'님 타자칠때 자꾸 이헙이라고 나와요ㅡㅜㅜㅜ,조개탄,1,2020-01-16T22:49:01.000Z
129,UgxmSMUrat9g8BpUFAF4AaABAg,잇섭님!!2020그램 1월 말이나 중반쯤에 해주셨으면 좋겠어요!!제가 지금 노트북이 필요한데 이온이 좋을지 그램이 좋을지 모르겠어요ㅋㅋ,성현수,0,2020-01-16T22:42:51.000Z
130,Ugwn11HkNK1dK2Jjekp4AaABAg,맥북프로 스피커가 진짜 미친 수준인거지 이온도 나쁘진 않을듯,White Maple,0,2020-01-16T22:40:52.000Z
131,Ugy4fyl0-c7y7FEJLtR4AaABAg,이온 13인치 구매해서 쓰고 있는데 15인치와 달리 텐키가 없습니다! 15인치는 텐키때문에 지문인식 키도 더 뜬금없어 보이드라구요,SolRider,0,2020-01-16T22:40:18.000Z
132,Ugxmm-rhc4rKcg5XK9F4AaABAg,영상 화면 비율이 뭔가요?,큐빅태영,0,2020-01-16T22:39:31.000Z
133,UgyuBdGAq2kQRDYRJO54AaABAg,삼성전자 의사결정권자들은 대부분 심지어 공돌이도 아닌데 매번 센스가 참 디테일이 없고 구려보임...   도대체 터치패드에 무선충전을 왜 같이 넣는거임? 무선충전리 굳이 필요한지는 둘째치고 있더라도 따로 있는게 더 편하지 충전할때는 터치패드 쓰지 말라는건 무슨 사용자 경험이지...,최종호,0,2020-01-16T22:27:11.000Z
134,Ugw2kR-bst4elqZt-6J4AaABAg,"무게는 배터리 용량이 줄이고 낮춘거라서 의미 없네요!
아쉽당!",`,2,2020-01-16T22:11:42.000Z
135,UgxU24mstoI-e9ls7Wt4AaABAg,2019년형 맥북프로 15인치 쓰고있는데 이번 갤럭시북 시리즈 직접 보고 ㅂㄷㅂㄷ 하고있습니다..ㅠ,이기화,0,2020-01-16T21:44:39.000Z
136,UgwtNBMMzhZ70cR9Mwd4AaABAg,BOE면 거르자,지구지구,0,2020-01-16T21:44:27.000Z
137,Ugyil5AA1YrIIjIUCId4AaABAg,지문인식 칸 위치선정 때문에 쉬프트가 작아진 것은 매우 아쉽네요 ㅠㅠ 잇섭님 말에 동감합니다,Promental,0,2020-01-16T21:43:29.000Z
138,UgwUfV7dlBTkMQ1vU9p4AaABAg,인트러 ㅁㅊ,김로빈,0,2020-01-16T20:58:10.000Z
139,UgytlgLPl6_6-uF22GV4AaABAg,"플렉스 삿는데 가격만 플렉스 해서 통장이 플렉스 해버렸어여 ㅠㅠ
맥북 살껄 ㅜㅜ",방구석은둔자,0,2020-01-16T20:49:53.000Z
140,UgyrpOES5h_FHWCOSUh4AaABAg,"중학생폰 추천좀요 
제발요",그라운드tv배틀,0,2020-01-16T20:34:30.000Z
141,UgzTUhxaXhgCxHJLroF4AaABAg,이번그램은 욕먹던데 ㅋㅋㅋㅋㅋ삼성은평이좋넹,징느쓰🐶,0,2020-01-16T20:29:43.000Z
142,Ugxsr-omCBmim35L6Up4AaABAg,팬소음은 옵션에서 저소음모드로 바꿀수있어요 !!,박gun zero,0,2020-01-16T20:27:17.000Z
143,Ugzpo3immcLuBEXZ-jN4AaABAg,"AKG가 만진게 맞나 의심스러음....이름만 붙여파는것처럼...
버즈도 AKG인데 저음이 약한것처럼....AKG가 이정도면 그냥 쿼빗3가 더 좋게 느껴짐....",곰덩이,0,2020-01-16T19:56:36.000Z
144,UgzWvpoL4A2Rh2KPdgd4AaABAg,"노트북 판매직으로 일하고 있는데 이번 다자인 기능 성능은
딱 봐도 그램보단  위라고 생각함요
변함 없는 디자인에 그저 가법게만 만든다고 
뜯어보면 장난 아님...샘숭 노트북이 비해
그리고 플렉스로 넘어가면 뭐 그램이랑 비교 하기인 라인업이 안맞지만  삼성은 애플이나 마쏘처럼

하드웨어는 그낭 기본적인거고 
소프트웨어 쪽에 집중하고 있음 몇년 전부터
그에 반에 엘지는 그런게 없음
항상 그냥 가볍다로만 광고함.. 엘지는 바껴야 할 시기인거 같아여",까날이,0,2020-01-16T18:56:35.000Z
145,UgxmvFxVnGPxW2534-J4AaABAg,이온 사용중인데 배터리가 살짝 아쉽고 무엇보다 발열이 심하지도 않은데 팬이 너무 자주돌고 소음도 엄청심해요;; 쓰면 쓸수록 후회중,김민수,1,2020-01-16T18:37:02.000Z
146,UgxPEeAnKPIeQ57hieV4AaABAg,"볼때마다 생각나는건데 저희학교 역사쌤 닮으셨어요,,목소리 얼굴 성격까지 ㅋㅋㅋㅋㅋㅋㅋㅋㅋㅋㅋㅋ..",12월,0,2020-01-16T18:35:53.000Z
147,Ugzx0r_bmRPcAxY41Bt4AaABAg,이런게 학생용이라고는 하지만 비싼게 아이러니,이네,0,2020-01-16T18:34:53.000Z
148,UgxVLyAbDdXIWIGQ79Z4AaABAg,오.. 드디어 갤럭시북 리뷰 중에 유료광고가 아닌 리뷰를 만나보네요,버섯라면,0,2020-01-16T18:26:23.000Z
149,UgxSDiMsLHsfiSVmtz94AaABAg,"7:40 와 구독을 눌러주시면 잇섭이 갤럭시북 이온




을 사서 자랑하는 사진을 보내드립니다",시바,1,2020-01-16T18:25:17.000Z
150,UgzQCGAyiovUPmETGbB4AaABAg,으악 방향키 사이즈가!!!,초월,0,2020-01-16T18:14:34.000Z
151,UgyHuldIL4gwIIKafc14AaABAg,저는 2020 그램17 사전예약으로 샀습니다 ㅎㅎ 그램 최고,심승욱,0,2020-01-16T18:09:38.000Z
152,UgwdZMrH-zZs2AGwouV4AaABAg,맥북 프로 스피커 진짜 압도적이다 ㄷㄷㄷㄷㄷㄷㄷㄷ,김준경,20,2020-01-16T18:08:51.000Z
153,Ugwd04dw8XQEdvOEoUl4AaABAg,형 국밥 인트로 언제까지 우려먹을거야??,송승훈,1,2020-01-16T18:04:05.000Z
154,UgzhNsmrNlyYnzo-4Jx4AaABAg,헬로우 스마트 워치 산지 3일만에 고장남ㅋㅋㅋㅋㅋ 터치 하지도 않는데 지맘대로 호흡훈련만 계속  되더라구요ㅋㅋㅋ,트로피칼맛스타,0,2020-01-16T18:01:26.000Z
155,Ugw7inXa7vOOFrwosS94AaABAg,지금 맥북병에 걸렸는데 헤어나올 수가 없네요ㅠ,Ehdu Hdkx,0,2020-01-16T17:55:45.000Z
156,UgwNAEt7F5a6CS1HEip4AaABAg,이번영상은 화질이 저하된느낌이에요ㅠㅠ,동구,0,2020-01-16T17:40:46.000Z
157,Ugzie2Kl704yxWrJax14AaABAg,이분이 왜? 섹섭킹이요?,나는오늘도대홍단감자를먹는다,0,2020-01-16T17:36:06.000Z
158,Ugy_-AxOXp5SLO44n_x4AaABAg,"설마
VA패널인가요?",박주현,0,2020-01-16T17:31:58.000Z
159,UgwA6CpSe10NqPOKFm54AaABAg,삼성이 나의 가치를 매겨,#방해금지,0,2020-01-16T17:28:36.000Z
160,UgwZirsxDIU-z943D8l4AaABAg,"배터리가 69.7wh?




69.7",-프라임,0,2020-01-16T17:27:37.000Z
161,Ugw4VPwBl-xiRqBaebp4AaABAg,"i7에 512GB, 15인치 이온 사려고 하는데요 ... ddr4랑 ssd 추후에 구입해 추가할 수 있나요 ?",야다,0,2020-01-16T17:23:52.000Z
162,UgxGpLjCLp21uYL-Agl4AaABAg,일체형 pc 비교점요 ㅜㅜ 고성능으로다가,안영민,0,2020-01-16T17:22:30.000Z
163,Ugze9ZqkKz8zf-prFnF4AaABAg,오... 그램사야겠당^^,Minyong Park,0,2020-01-16T17:17:54.000Z
164,Ugy6DtvpB30GQlC4cKl4AaABAg,맥북프로 들다가 lg그램 드는 순간 맥북던질뻔..개무겁,유다연,0,2020-01-16T17:16:37.000Z
165,UgzuNuywm-piv0h3bi94AaABAg,맥북프로 16인치와 비교 영상도 재밌을꺼 같군요 ㅋㅋㅋ 급이 다른가요!?? ㅋㅋㅋㅋ 다음 영상도 기대되네요 ㅋㅋㅋ잇섭님 ㅋㅋㅋ,jakelee5004,0,2020-01-16T17:16:19.000Z
166,Ugw_Wd4e9wXmKoW65Sx4AaABAg,비싸다ㅜ,ᄒ ᄒ,0,2020-01-16T17:16:05.000Z
167,UgwS2dS39r1BEILStoJ4AaABAg,와 형 이온 샀는데 형 영상 4K로 재생하는데 와 죽인다,김서진,0,2020-01-16T17:07:24.000Z
168,UgzpzGZOpvzUQPbnJ2x4AaABAg,Boe 에서 65인치 뽑고 있는 외노자인데 노트북에도 들어가넹,KadoiRo Gracias,0,2020-01-16T17:05:07.000Z
169,Ugwr33SZY0Xcmsw2IfN4AaABAg,형진짜 말투 너무좋아... 진짜 답장한번만 해주라 내소원이야 ㅠㅠ,박수,0,2020-01-16T17:01:27.000Z
170,UgxaDWszLQU9G_LfBCF4AaABAg,나도 노트북사고싶다...,Penda Jr.,0,2020-01-16T17:00:06.000Z
171,Ugwlfo7bnFbFAE_Iy1V4AaABAg,형 토체티 해줘!,위즈원영,0,2020-01-16T16:57:03.000Z
172,Ugx-vNEQnzvydEhAXlp4AaABAg,램은 DDR4,내.,0,2020-01-16T16:56:21.000Z
173,UgwoEQk5Ow2S21yJov14AaABAg,형 플렉스부터 먼저 해주면 안돼ㅜㅜ??,BH Jung,0,2020-01-16T16:56:11.000Z
174,Ugx1ssrVYWNySV_RfAJ4AaABAg,"이온 사용 중인데.. 
한 번도 저렴해 보인다고 생각 안했는데 왠지 잇섭님 영상보면 세뇌당하는 기분이란 말이죠..쓰읍..",이승아,5,2020-01-16T16:51:52.000Z
175,Ugye7C57Fv3R7Y1SZgN4AaABAg,곧 스팅어 생일 치룰때가....,김병국,0,2020-01-16T16:47:55.000Z
176,Ugw1ERCplT3xtMLibTB4AaABAg,삼성 노트북은 진짜 구린듯 ....-0-,Hoon Park,0,2020-01-16T16:47:18.000Z
177,UgzuJairN-Cxe32BUQN4AaABAg,"이온, 플렉스 고민하다가 플렉스를 플렉스 해버렸지 뭐야아",이준희,0,2020-01-16T16:44:01.000Z
178,Ugy5tSd3VqRWD_u_UDB4AaABAg,기대를 져버리지않는 잇(트로)섭님,박민구,0,2020-01-16T16:41:12.000Z
179,UgwxNWumAXA8hkk7fBh4AaABAg,오 형 이번 인트로 언에듀 지려까,김근호,1,2020-01-16T16:39:51.000Z
180,UgwFzHdSIVHQak5j93V4AaABAg,동영상 업로드 할 때마다 보니까 안녕하세요 잇썹입니다를 외우게 되네ㅋㅋ,printf scanf,0,2020-01-16T16:37:57.000Z
181,UgxiRAro3UwHv6Verl54AaABAg,아 진짜ㅠㅠㅠㅠㅠ 삼성 펜s 노트북 샀는데ㅠㅠㅠㅠ 1년만 존버하고 이온살껄 너무 후회되요ㅠㅠㅠㅜ,잇뀨,1,2020-01-16T16:37:23.000Z
182,UgxywXZo5FmQYT__rVp4AaABAg,갤럭시 북 시리즈 차이점 리뷰해주새용,JWB eaT,0,2020-01-16T16:37:08.000Z
183,UgzCIcy2B_X_sWjGETZ4AaABAg,영상을 잘보고 에이수스13인치를 샀습니다..휴대성+가성비때문엥ㅋㅋㅋㅠ,람이님,0,2020-01-16T16:36:33.000Z
184,UgxjOVnS-sgQAO0cZLl4AaABAg,이 형 힌지부분 설명할때 진짜 자세해서 깜놀함. 잘되는 테크유튜버는 잘되는이유가 있는듯.,국밥,0,2020-01-16T16:36:16.000Z
185,UgwcRQkUGv6181yJB014AaABAg,아내 선물로 노트북을 사주려고 하는데요 아내가 샀던 노트북을 제가 일할때 필요하다보니 아내는 써보지도 못하고 제가 일하는데 지금까지 사용하고 있네요;;; 그래서 이번에 선물로 사주려고 하는데요 일단 가볍고 인터넷이나 문서 엑셀 그리고 가끔 포토샵정도만 사용하는데 어떤 제품이 괜찮을까요?? 너무 비싼거는 힘들거 같고 100만원이 한계라면 어떤게 나을까요?? 답변 부탁드립니다..,The_Bom,0,2020-01-16T16:33:57.000Z
186,Ugzdv5kd19BlFQssEvx4AaABAg,오앙 형 리뷰 기다리다가 플렉스를 플렉스해버렸지뭐야~,비연,0,2020-01-16T16:33:42.000Z
187,UgyOh4ILqZ84gE0rrU94AaABAg,언에듀가 이 영상을 좋아합니다,백상아리,0,2020-01-16T16:31:36.000Z
188,UgyKcRd85L118XbW3V94AaABAg,형 노트북영상 올라와서 그런데 asus 비보북은 언제..?,이재환,0,2020-01-16T16:27:21.000Z
189,Ugzqe1417kTkc8zqU-h4AaABAg,갤럭시 플렉스도 어떨지 너무 궁금해요!! 잇섭님께서 꼭 언빡싕해주셨으면 좋겠사와요~~,졍졍이,0,2020-01-16T16:24:57.000Z
190,Ugz6w7cJo38_9kHXqzt4AaABAg,"화면 QLED라고 경쟁력잡는건 디자인분야 종사하는 분들 말고는 딱히.. 라는 느낌인데
이가격으로 그램에 비비면.. 좀..",장희원,0,2020-01-16T16:22:41.000Z
191,UgyVicI2o-6NxBH0YLR4AaABAg,갤럭시북 이름으로 출시했는데 언박싱만 봐서는 무게만 가볍고 보급형 같아 보임 ㅠ 기대했던 것보다 훨씬 싼티나네ㅠㅠ,_Hong jwon,0,2020-01-16T16:21:05.000Z
192,UgzcpRhG6ug1WT55a5d4AaABAg,akg가 튜닝했는데 맥북이 더 좋네 ㅋㅋ,웅이,0,2020-01-16T16:17:40.000Z
193,Ugw68JgDEBpQCo5apVN4AaABAg,전 그래도 가벼운 엘지 그램을...새내기들아...2키로라고 무시하다가 큰코다쳐..,이현진,0,2020-01-16T16:16:29.000Z
194,UgwT30WrjE6WCwhDfnZ4AaABAg,"언에듀 케이티는 키드
그는 다른건 못 배웠어도 랩은 잘 배웠었는데 




잇섭, 그는 다른건 못 배웠어도 인트로 하나만은 잘 배웠다",익명,1,2020-01-16T16:16:02.000Z
195,Ugw6AVGmF8AcN-fUSTJ4AaABAg,"1:51 형 박스를 왤케 신경써? 쓸때없이




-어차피 던지면서-",대학교복,54,2020-01-16T16:14:59.000Z
196,Ugz1rNtIHVfvh8gv0_B4AaABAg,9:20 한국말은 끝까지 들어봐야지,never ever34,0,2020-01-16T16:06:11.000Z
197,UgytuhKCPpcDBaO4IAZ4AaABAg,형 90만원대 데스크탑 컴퓨터 2019년으로 다시 올려 주세요,임태성,0,2020-01-16T16:04:34.000Z
198,UgwoLNpIGMqBwS_Jabl4AaABAg,00:00 잇에듀케이티드 키드 ㄷㄷ,이기환,19,2020-01-16T16:03:40.000Z
199,Ugyoz2GvbGYsw97f-LV4AaABAg,9:31 팬이 자주 돈다구요? 걱정 마세요! *그건 삼성 노트북 종특입니다!*,HJ R,1,2020-01-16T16:01:16.000Z
200,UgyOCbqGUjQpwSkB4HF4AaABAg,잇하~^,잇섭의 가위.,0,2020-01-16T15:52:22.000Z
201,Ugwyue5PD7GI4edZAYJ4AaABAg,맥프로 스피커 죽이네 애플은 별로 안좋아해서 별로안샀는데 스피커에 혹할때가 있음,김규태,0,2020-01-16T15:52:03.000Z
202,UgzhYjoysfrUwwupjf54AaABAg,"펜소음은 원래 그럴수도 있지만 삼선 노트북 펜S사용할때 쿨링이 많이 되서 보니 원도우 10인경우 설정에서 내가 사용한 오류를 본사에 보내는 기능이 향상되어있어서 개속 파일 이 업로드? 되는 증상등으로, 쿨링이 자주 되었던것도 있었습니다 그설정을 해제 하니까 아무래도 쿨링이 덜되는것이 확연하게 느껴졌었어요",닉넴명군이,0,2020-01-16T15:50:29.000Z
203,Ugxu4tO-O5088UpsgOV4AaABAg,충격에 약할것 같은데!,신동우,0,2020-01-16T15:49:29.000Z
204,Ugxfqt43WC-GOEGc4a14AaABAg,BOE... 듣기만해도 극혐이다 ㅠㅜ 출장가서 너무 힘들었음,SH L,1,2020-01-16T15:46:33.000Z
205,UgxsR0ay9X8J4JfwBfR4AaABAg,삼성 북플렉스 해주세요ㅜㅠ,이재환,0,2020-01-16T15:43:31.000Z
206,UgyCB8YAvzXS7cbuwCB4AaABAg,형 그램리뷰는 언제올라오는겨,정민재,0,2020-01-16T15:40:29.000Z
207,UgwIYub5wTvUFfFkkj94AaABAg,갤럭시 북 이온 살 확률이 75%정도 되는 20년생  입니다!! 언제쯤 사는게 좋을까요?? 이번 설때 돈 모아서 살 생각인데 할인 등등 다양한 정보 공유해주세요!!!!,불만난닭고기,1,2020-01-16T15:38:46.000Z
208,Ugxon2VbemoQsHw_2yx4AaABAg,솔직히 내용보다 인트로보려고 잇섭영상봄,김우정,0,2020-01-16T15:37:59.000Z
209,UgzlR5DeBjjE4dWVL2V4AaABAg,boe패널이라니...,김민성,0,2020-01-16T15:32:48.000Z
210,UgxTKpOJrZBr-WoLbGR4AaABAg,항상 잘 보고 있습니다.,툽스,0,2020-01-16T15:32:35.000Z
211,Ugy7WfL6fbBGeeP9ClF4AaABAg,맥북프로랑 스피커를 비교하시면 삼성 웁니다,V mapae,0,2020-01-16T15:31:41.000Z
212,UgxlMnpHEI6UhxspY354AaABAg,"혹시 노트북 언제 사신건지 알려주실 수 있으신가요?? 제가 오늘 갤럭시북 이온을 인터넷에서 주문했는데 무선마우스랑,파우치를 안준다는 평이 있더라고요.. 그래서 사전예약한 사람한테만 주는건가 생각했는데 잇섭님 영상이 올라온지 얼마 되지 않았는데 파우치,무선마우스 둘 다 들어있네요..?? 잇섭님 아니더라도 아시는분 답변 부탁드려요ㅠㅠ",개구리,0,2020-01-16T15:31:07.000Z
213,Ugy4NyYpsYY5Q_puKVl4AaABAg,8:14 아니 이노래 왜 멜론에 없어 시부랄 듣는방법 아는분?,문준서,0,2020-01-16T15:30:04.000Z
214,Ugyu7V220TC1KNiZ85B4AaABAg,"형... xps13 9300나온다는데 꼭 리뷰해줄거지??? 나 7390산지 두달도 안되서 발표했네? ^^
모니터 16:10으로 바뀌구 자판크기랑 터치패드 크기도 바뀐뎅 난 못사게되었지만 형이 리뷰해주는거 보고싶어  꼭 부탁해 ㅎㅎㅎㅎㅎ",SSON,1,2020-01-16T15:28:55.000Z
215,Ugz5Vp4K5TIiNusJMnN4AaABAg,"FIEX하는데 돈을 다 썼어?
노트북 하나에 200을 줬어?
전자기기는 나의 가치를매겨?
전자기기는 나의 가치를 매겨
내가 옛날에 언박싱을 하면 조회수 
조또 안 나왔지만 내가 요즘에 인트로를 찍기만하면 씨발 걍 빠끄!",안치원,1,2020-01-16T15:27:15.000Z
216,UgwIDca_iIwo76D_8wl4AaABAg,너무 든든한데?,이석준,0,2020-01-16T15:26:51.000Z
217,Ugw_5W-L9AiA8aYNkVN4AaABAg,아니 신학기 이벤트를 한다고...?  오늘 쿠팡에서 질렀는데....후회될까? ㅠ,이석,1,2020-01-16T15:25:52.000Z
218,UgygNWQ_Z-HWfA4UNB54AaABAg,인트로 설마 119remix야?,연동건,0,2020-01-16T15:24:35.000Z
219,UgyPcLddi7vm7Lu-PLx4AaABAg,무조건 맥북,설재상,0,2020-01-16T15:19:38.000Z
220,UgznV9Z4p6fz-SZl4WV4AaABAg,"4:46 ㄴ0ㄱ ????
4:47 아하",감자킹,0,2020-01-16T15:19:16.000Z
221,UgxfhbsU-jdYFGOzuoB4AaABAg,"이온 살때 아직 리뷰 안올라와서 그냥 질렀는데 리뷰 봤으면 안살뻔했네여ㅋ̊̈ㅋ̊̈ㅋ̊̈ㅋ̊̈
그래도 전에 쓰던게 거의 삼국시대 컴퓨터라 완전 만족 하면서 쓰는중이에요",닭발먹고싶다아,0,2020-01-16T15:17:41.000Z
222,Ugxzz4O_Fu6p7No0Zqx4AaABAg,오늘 갑자기 느낀건데 영상의 화면비율이 최신휴대폰들에 적합하네요. 보기 아주 좋습니다. 참고로 아이폰xsmax입니다.,빛상혁,0,2020-01-16T15:17:32.000Z
223,Ugz_mINwu01kyZugT-l4AaABAg,세상에 잇섭님 손이 증말 예쁘시네요,사랑해주네야,0,2020-01-16T15:15:20.000Z
224,Ugx-keUmFMKBdDxaP0l4AaABAg,한성 tfx255s같은 가성비제품도 리뷰 가능할까요,정홍주,0,2020-01-16T15:15:10.000Z
225,Ugyk0L91ZFZvLjG8Qyx4AaABAg,872,김연직,0,2020-01-16T15:14:59.000Z
226,Ugwz5YqMSjULTwXVPXl4AaABAg,7:14 구독과 좋아요 구독과 좋아요 구독과 좋아요.,상추,0,2020-01-16T15:14:54.000Z
227,UgyX8GTPAiNMuY88zFF4AaABAg,"소리는 애플이 갑이다...






테크유튜버도 잇섭이 갑이다",하얀바람,0,2020-01-16T15:14:24.000Z
228,UgwDp6D2hjESsYaJWc94AaABAg,"노트북 얘기 나와서 하는 말인데 친구들 게이밍 노트북 사지마라,,,",김태경,0,2020-01-16T15:14:14.000Z
229,UgzQ6rtG-NiXUKpRTOh4AaABAg,사실 잇섭형 1:14때 못받을수도 있어서 노트북 빼고 박스만 던져서 받은거아니야?,2 1,0,2020-01-16T15:14:04.000Z
230,Ugx9jMuSdCatSTej9M94AaABAg,저거쥰내가지고싶다,임휘균,0,2020-01-16T15:13:55.000Z
231,UgxOi9cNVI_5vtTgLPp4AaABAg,gpd win2 리뷰도 해주세요,sig ma,0,2020-01-16T15:13:25.000Z
232,Ugw0iNBYnASsfQfMQX14AaABAg,아이폰se 리뷰해주세요,탄소년단방구,0,2020-01-16T15:10:42.000Z
233,UgwkSLtgGsTJKOXAcSJ4AaABAg,갤럭시 플렉스도 리뷰 해주세요!,설주환,0,2020-01-16T15:10:00.000Z
234,UgxumuAYDF5RnGnfhXl4AaABAg,여유되실때 비슷한 스펙의 ASUS 젠북도 함께 리뷰해주세요!,김시환,1,2020-01-16T15:09:59.000Z
235,UgyEz8ZQNXXRV-uYm9V4AaABAg,썸네일 ㅋㅋㅋ 언에듄가요,비하운드,0,2020-01-16T15:09:35.000Z
236,Ugy1mqPIo8fRxSVMbGh4AaABAg,flex하는데 돈을 다 썼어?,준또삐,0,2020-01-16T15:09:19.000Z
237,UgxXpknNugRxWW3duSR4AaABAg,딴거 다 때려쳐도 데이터 사용 가능이 좋아서,제태빈,0,2020-01-16T15:07:51.000Z
238,UgyT3mbeHICKdhr5f-B4AaABAg,대학교 제공윈도우.... 3월까지 존버타다가 신제품나오면 사야지...,F F,0,2020-01-16T15:07:23.000Z
239,UgwTJtCZMoRBZU1abKV4AaABAg,플렉스도...!! 기대하고 있겠습니다ㅋ,한도넛,0,2020-01-16T15:06:32.000Z
240,UgxnIWD1JhMyCfRkFH54AaABAg,0:06 이번에는 국밥이니네 ㅋㅋ 😄😄,펭구,0,2020-01-16T15:03:58.000Z
241,Ugz4lCwmyz5O58fT2lJ4AaABAg,"Flex 하는데 돈을 다 썼어
노트북 하나에 200을 줬어
명품이 나의 가치를 매겨
명품이 나의 가치를 매겨
내가 옛날에 언빡싱 하면
날 무슨 노숙자 보듯이 봤어
근데 이제 내가 언빡싱 하면
씨X 걍 VIP 대접을 받어
스팅어 타던 놈 인생이 바껴
사람들 나보고 자극을 받어
핑계만 대던 새X들 눈 깔어
가짜 잇섭들 전부 다 눈 깔어
Uneducated 절대 안 바뀌어
돈 맛을 봐도 난 지름신 맞어
누가 날 가르쳤다간 쳐맞어
누가 날 가르쳤다간 쳐맞어",remon vi,0,2020-01-16T15:01:53.000Z
242,UgyY6XyvwDekOB1TrFZ4AaABAg,잇섭형 우리누나가 대학교 들어가서 노트북 사려고 하는데 100에서 150만원대 노트북중에 제일 좋은게 뭐야? CPU는 I5 이상으로 부탁해 제발 알려줘,닥터순,1,2020-01-16T15:00:24.000Z
243,UgwmVCkxoR_2gqWNkil4AaABAg,이온에서 휴대폰 c타입 충전기로도 충전가능 하다는거에요??,대깨강,0,2020-01-16T15:00:05.000Z
244,Ugy4YA1JN9Cfkz0ECA94AaABAg,타건 asmr 가자...,안병호,0,2020-01-16T14:57:19.000Z
245,UgynaJMhZf4FyBQCrGZ4AaABAg,형 나 플렉스샀는데....ㅠ 왜 무시해?,YJ C,0,2020-01-16T14:56:46.000Z
246,Ugw1XjZ1bc_6DOwQa1d4AaABAg,뭔가 아쉽당 가격 대비,"B, Light",0,2020-01-16T14:56:34.000Z
247,UgwcQ6eZMHp1ELTRbh14AaABAg,이제 노트북 디스플레이는 삼성 넘사벽이다.... 노트북은 이제 삼성이 넘사벽이네요,이원용,2,2020-01-16T14:54:27.000Z
248,UgzOCyOXQRPRtrZw4sd4AaABAg,"삼성이 말하는 qd-lcd는 색 재현력을 위해서는 휘도의 절대값이 높아야 제 성능을 발휘함.
그러나 노트북은 특성상 휘도를 올리면..
장시간 문서작업에 부적합, 배터리 광탈 등등..",홍길동,0,2020-01-16T14:53:47.000Z
249,Ugx-nEXVsNejaOzLczN4AaABAg,노트북중 사운드는 맥북 미만잡.,로댕:/,0,2020-01-16T14:53:21.000Z
250,Ugwld1V5Lkz3xaasbP54AaABAg,그램이랑 이온 중에 고민중인데 신형그램 성능에 큰 문제가 있는 것 같아 이온을 좀 눈여겨 보고 있어요. 근데 매장가서 봤을때 이온 키감이 상당히 안좋더라구요 ㅜㅜ 그리고 힌지가 고무가 아니고 플라스틱이라 툭툭치면 밀리는 문제도 있고 해서 고민중인데 키감이랑 잘 밀리는지 궁금합니다,써밋,0,2020-01-16T14:53:05.000Z
251,Ugzaog-lHmyRVbgvgGF4AaABAg,0:06 나만 국밥으로 예상했나??,김민제,0,2020-01-16T14:52:54.000Z
252,Ugzca9mKGZIAJK-PFuV4AaABAg,쉬프트 짧아진거 극혐 ㅇㅈㅇㅈㅇㅈㅇㅈㅇㅈㅇㅈㅇㅈㅇㅈㅇㅈ 진심 ㄹㅇ 개극혐,_김밥떡,0,2020-01-16T14:49:55.000Z
253,Ugw0h5-Z2T31Xpr296J4AaABAg,"이거 그돈 주고 살바엔 Dell XPS사는게...
국산 노트북들은 무게만 빼고, 품질, 발열제어, 디자인에서 HP, Dell 밀리고 가격 또한 경쟁력이 없죠",ISOVA,0,2020-01-16T14:49:55.000Z
254,Ugxa0ZKNehbCDzg8qJl4AaABAg,손가락이 이쁘시네요 이제 발견했어요,우아,0,2020-01-16T14:48:32.000Z
255,UgzVnZry-T7dwUKTgSd4AaABAg,"잇섭님!! http://basic-s.com/goods/goods_view.php?goodsNo=1000000000&sfns=mo
이 링크에 들어가면 베이직북? 이라고 따로 부품을 조립해서 브랜드 노트북 사양과 동일하거나 혹은 더 좋은데 가격은 정말 엄청 싸게 파는게 있는데 혹시 리뷰 가능하시면 부탁드려요!! 새학기고 저렴한 노트북을 구입하고싶어서요ㅠㅠ",이기쁨,0,2020-01-16T14:48:03.000Z
256,UgxBDhSSlpJVyaNPXBx4AaABAg,"아직까진 파이널 컷프로와 같은 전문적인 영상 편집 프로그램이나 좋은 음질,고급감은 맥북이 확실히 타사 노트북 대비 우위를 점하고 있어서 맥북 프로 16인치 질렀는데, 2월3일까지 기다려야 되네요ㅜㅜ",송월드,0,2020-01-16T14:47:58.000Z
257,UgwMNTXIpMD9xKgv-aB4AaABAg,잇섭형오랜만에 키보드하나리뷰해주세요 앱코k640premium 있던데 네이버에서 최저 32000원이에요!,뀨뀨,0,2020-01-16T14:47:45.000Z
258,UgwgRH2JSACxzuYxuul4AaABAg,형 asus 젠북 시리즈도 리뷰해주세요 !,PEACE MINUSONE,0,2020-01-16T14:46:55.000Z
259,UgzNopblzM-QRRzInNh4AaABAg,형 배경화면 뭐임?,김민재,0,2020-01-16T14:45:49.000Z
260,UgyPuhHIVxHwNRpOu7F4AaABAg,형 FLEX 도 할꺼지???,김지한,0,2020-01-16T14:45:24.000Z
261,Ugz-wJmJ4q4kDvwpcNd4AaABAg,그래도 엘지 그램이다!!!,최자,0,2020-01-16T14:45:15.000Z
262,Ugx2nINwyfxeytH-MU94AaABAg,와 삼성은 소리가 먹먹한데 맥북은 완전 시원시원하게 나오네...,통닭발골러,0,2020-01-16T14:42:51.000Z
263,UgxMTpO1LDDZycmUdoB4AaABAg,"갑자기 궁금해서 물어보는건데
혹시 선글라스끼고 있는 프로필사진 창원시 진해구 경화동 경화역 벚꽃축제할때 찍으신건가요?",밀리언즈 컴퍼니 Millions company,0,2020-01-16T14:42:29.000Z
264,UgxoxIAx8VI8ytYFh3p4AaABAg,배터리 삼성이 엘지대비 더 빨리충전되고 더 오래가요 꼭 비교해주세요 용량이 전부 아니라는것을,송사장,0,2020-01-16T14:42:10.000Z
265,Ugy2MIIflDUr4BiDFNF4AaABAg,스피커는 따로 sound alive 를 켜야 제대로된 성능이 나와요... 이거 안키면 소리가 10%작게 음질도 칙칙하게 나와요. 한번 키고 테스트하면 맥북보다 좋을껍니닷!,동민신,0,2020-01-16T14:41:31.000Z
266,UgysnM6iuUmwbinVp314AaABAg,스피커는 맥북 못이긴다 ㅋㅋㅋㅋㅋㅋㅋㅋㅋㅋ,강우진,0,2020-01-16T14:40:51.000Z
267,Ugw5p1rQGB0rpkB69K14AaABAg,akg튜닝이고 자시고 출력이 낮아...,peitho,0,2020-01-16T14:40:19.000Z
268,Ugx__JK1Q_G2asvg8X54AaABAg,잇섭형 저 이번에 갤럭시북 플렉스모델을 샀는데 인터넷 렌선잭이 없네요ㅠㅠ 어떻게 유선렌선을 연결할 방법 없을까요?,이로운,0,2020-01-16T14:40:13.000Z
269,Ugzz_nuVfUherswzAx94AaABAg,무선충전 갤럭시 워치도 지원하나요?,장동욱,0,2020-01-16T14:37:53.000Z
270,Ugx4p5q_W4uhp3XIaJp4AaABAg,"혀엉.. i5, mx250모델을 샀는데 펜소음, 성능문제가 제꺼 너무 심각해요 ㅜㅜㅜㅜ",유준형,1,2020-01-16T14:37:47.000Z
271,UgxO2HsaMZGCTXw4Zrd4AaABAg,언에듀가 이 영상을 좋아합니다,임준수,0,2020-01-16T14:36:10.000Z
272,UgwKn0FZvkxyhDufMQN4AaABAg,형 플렉스는?,히어로,0,2020-01-16T14:35:26.000Z
273,Ugx4BpYORkdEirUg-wx4AaABAg,"신학기 1학년 호구 판별법 : 그램, 이온 들고다닌다.",Lovely SPiDEY,0,2020-01-16T14:34:19.000Z
274,UgwQpygvNeG7yOuoZpt4AaABAg,삼성 : 잇섭님.. 좀 좋게좋게해줘요ㅠㅠ 폴드2나오면 드릴께요.,파라랄,1,2020-01-16T14:34:10.000Z
275,UgyuhkAaOWj5Q9oeiqJ4AaABAg,분명 대입 준비하는 신학기인데 서피스를 쓰고 있어서 바꿀이유가 없다고 한다ㅜㅜ,최정민,0,2020-01-16T14:33:55.000Z
276,UgwqixLTXbwJk7VOUox4AaABAg,형 노트북 사는거 인터넷이 더 좋아요 오프라인 구매가 좋아여?,김은성,0,2020-01-16T14:31:33.000Z
277,UgyUQZpzBgEACsGrWrt4AaABAg,형 이영상 기다렷어요 ㅠㅠㅠㅠ,이창윤,1,2020-01-16T14:30:01.000Z
278,Ugx2x6v5rOm5ywdMgwR4AaABAg,무선 충전 위치가 너무 아쉽다 저 위치는 키보드를 쓸 수가 없는 위치인데 ㅠㅠ,허성,0,2020-01-16T14:29:51.000Z
279,UgxMmN0sIMGFbnOB_yp4AaABAg,0:30 카메라 렌즈에 뭐가 붙었는지 얼굴 부분이 까매요 전부터,지옥방탄모,0,2020-01-16T14:29:08.000Z
280,UgwBFebLrOzNJiACvu14AaABAg,"15인치 i5에 mx250 탑재된 모델 사용중입니다 2020 그램 예약했다 넘어왔는데 매우 만족중이에요 화질도 좋고(hdr 지원, 밝기 최대 600니트라 되게 밝아요) 배터리도 8시간정도 가고.... 개인적으로는 색상이랑 디자인도 되게 깔끔해서 맘에 드는 편입니다
다만 이게 nvme 슬롯이 2개인데 1개는 x4인 반면에 2번 슬롯은 x2라 속도가 절반밖에 안나온다는 게 좀 아쉬워요
이외에는 단점이라고 생각되는게 딱히...? 없네요(초기불량으로 교환받긴 했는데 그뒤로 해결됐고 현재 한달정도 사용했습니다)
발열제어도 잘되고....(최대 86도 및 쓰로틀링 X, 팬소리는 조금 시끄러운편입니다) 아테나 프로젝트라고 인텔에서 배터리 부팅시간 등등 테스트해서 인증해주는거 있는데 국내 제품중에서는 유일하게 인증받은 노트북이라 스펙도 어느정도 검증되었기 때문에 리뷰도 없는데 사전구매했네요ㅎ(이온, 플렉스 이렇게 2개가 인증받았고 해외에서는 dell제품만 인증받았다는데 국내에 파는지는 모르겠네요)
평소에 영상편집 프로그래밍 게임 등등 왠만한 고사양 작업은 다 해서 그램, 맥북이랑 엄청 비교하다 결정한건데 이번에 15인치 이하에서는 이온이 좋다고 생각되네요...ㅎ 보통 사고나서 만족하는 노트북이 별로 없었는데 이번에는 되게 만족하면서 사용중입니다ㅎ 가격은 ssd에 램추가 등등 해서 180만원정도 들었네요
(1.3kg 이하, 대기업 제품중에 골랐습니다.... 왕복 4시간 통학+제작년에 m뭐시기 회사 노트북 샀다가 초기불량 걸려서 7개월이나 못쓴 적이 있어서....ㅎ)",조영인,0,2020-01-16T14:28:31.000Z
281,Ugyc99BtHu-DWcXMPA14AaABAg,"삼성에 협찬 받으셨나요
항상 삼성 제품만 리뷰 하시네요
실망입니다",마카롱 TV,1,2020-01-16T14:28:30.000Z
282,Ugx7bb0VHyLssQNdXJ94AaABAg,이야 좋네요,전선우,0,2020-01-16T14:27:24.000Z
283,UgxtmjPIVjWXAO4_nh54AaABAg,2:13,박한별,0,2020-01-16T14:27:10.000Z
284,Ugxt9PlBMbKr_j7lV7R4AaABAg,안녕하세요 잇섭님!!현제 모 회사 가전판매사원으로 일하고있습니다!!!저도 잇섭님처럼 IT와 가전 전반적인 리뷰 유튜버를 꿈꾸고 있습니다 그래서 타사에 제품들도 공부하고있는데요!!몇가지 궁금한게 있는데 연락드릴방법이 없을까요?ㅎㅎ,잇커,0,2020-01-16T14:27:04.000Z
285,UgxxsVgqNtA4S_gZRox4AaABAg,2월 말이나 3월 초에 신학기 이벤트는 어디서 하나요?? 맥북도 할인하나요 아니면 삼성이나 LG만인가요?? 아시는 분들 도움좀 주세요 ㅎㅎ,송찬호,0,2020-01-16T14:26:22.000Z
286,UgyWtLTiOFXtLtEJc2d4AaABAg,akg는 삼성이 하만카돈 인수하면서 핵심 엔지니어들이 싹 빠져나가서 옛날 명성을 못따라가죠,Blesspaladin,0,2020-01-16T14:25:29.000Z
287,Ugx295VTtBMIxdS0tPx4AaABAg,"인트로 원본

119리믹스 언에듀케이티드 키드 파트:
Flex 하는데 돈을 다 썼어? 목걸이 하나에 200을 줬어. 명품이 나의 가치를 매겨 명품이 나의 가치를 매겨 내가 옛날에 백화점에 가면 날 무슨 노숙자 보듯이 봤어 근데 이제는 백화점에 가면 씨*걍 VIP 대접을 받어
재개발 살던놈 인생이 바껴 사람들 날 보고 자극을 받어 핑계만 대던 새*들 눈 깔어 unaducated 절대 안바뀌어 돈 맛을 봐도 난 도둑놈 맞어  누가 날 가르쳤다간 쳐맞어 누가 날 가르쳤다간 쳐맞어 


이상 내가 아는 노래가 나와서 좋아가지고 댓글 달은 설명충입니다",이시혁,0,2020-01-16T14:25:19.000Z
288,UgzKia-rHgsCT8ZRMqJ4AaABAg,"Flex 하는데 돈을 다 썼어?
노트북 하나에 이백을 줬어?
잇섭이 너의 가치를 매겨?",민찬우,0,2020-01-16T14:23:53.000Z
289,UgwqBx8eRkUp1W477LN4AaABAg,스피커는 맥북이 더 낫다 ㅋㅋ,이석민,0,2020-01-16T14:23:50.000Z
290,UgwRd9IHfjxsxuseCKt4AaABAg,언에듀 잇섭😂😂,Kado Revo,0,2020-01-16T14:23:44.000Z
291,UgwrLA9hRr8orQTok0F4AaABAg,댓글 안달아주면 삐질거에요,금간벽지,0,2020-01-16T14:23:27.000Z
292,UgyslWr-fj8i47YqZNd4AaABAg,이거 보기전에 이미 지른상태였는데 나 잘못한거야? ㅠㅠ..... 심지어 외장그래픽에 i7으로 질렀단 말이여어 ㅠㅠ....하...,스쿱아이스크림,0,2020-01-16T14:22:38.000Z
293,Ugxj5xNkRvhn1o-87sl4AaABAg,인트로 119곡 언에듀케이티드 파트꺼 부른거에요?ㅋㅋ,승재,0,2020-01-16T14:21:59.000Z
294,UgyBVOd08QJTDE2sS1F4AaABAg,맥북 대학생 쓰기 좋죠?,홍준서,0,2020-01-16T14:21:40.000Z
295,Ugy1bd5gXvLWwQh3BGd4AaABAg,보다가 쉬프트키 크기보고 바로 뒤로가기  눌렀습니다,navas torres,0,2020-01-16T14:21:05.000Z
296,UgwnaDDfnqof0mkZhzJ4AaABAg,저기 잇섭님 지금 와디즈에서 펀딩중인 100w 까지 출력할수 있는 보조배타리가 있다는데 리뷰하실건가요?,정지환,0,2020-01-16T14:20:31.000Z
297,Ugyyl1XLYUjmIOsqUxR4AaABAg,맥북 사운드는 넘사벽인가..,김주환,1,2020-01-16T14:20:27.000Z
298,UgxpJjQA1cdqJGdfkEB4AaABAg,"처음부분에 랩인줄 완전 쓰웩!
Flex 하는데 돈을 다썻어?!",연지미,0,2020-01-16T14:19:55.000Z
299,Ugw8-LD4JSeZiz1qYj14AaABAg,저 이온 쓰는데 충전할때 전기와요...,희민전,0,2020-01-16T14:18:17.000Z
300,UgwCDqoGR_Z8rmjp_Eh4AaABAg,목소리 느낌이 허팝,짱구뽀뽀,0,2020-01-16T14:17:45.000Z
301,UgzlFdetqWUpTaJ0qNp4AaABAg,이온음료 플렉스,김희수,0,2020-01-16T14:17:26.000Z
302,UgzIfZheXxrXnpi0Vkt4AaABAg,형 나도 내 노트북 모니터 패널 제조사 알려는데 장치관리자에서 어디로 들어가면 되는거야?,윤현채,0,2020-01-16T14:17:01.000Z
303,UgwlBsEfxXCTaBmryvt4AaABAg,8:14 초에 나오는 노래 제목좀요~~,렉쫑,0,2020-01-16T14:16:47.000Z
304,Ugyba9g4PpTomPSXFLJ4AaABAg,3월에는 맥북에어 리뷰해주시면 안되나요?😥,이찬혁,0,2020-01-16T14:16:24.000Z
305,Ugz_is_56sldsEFf9-F4AaABAg,올데이롱리뷰해쥬세오ㅡㅡㅡ,뜨알기,0,2020-01-16T14:16:12.000Z
306,Ugwq_08Qyi7nsjpo14d4AaABAg,형 그래서 타이픈 마르스 프로는ㅠㅠ,김진수,0,2020-01-16T14:15:52.000Z
307,Ugx-jN2T47qkSxDgGXl4AaABAg,qled면 배터리 살살 녹겠네,a mel,1,2020-01-16T14:15:02.000Z
308,UgzB3QBvSGKNSXrHaCt4AaABAg,읭,니뇨!,0,2020-01-16T14:14:35.000Z
309,UgwwO5palZTuPMTnEHR4AaABAg,파랑색 예쁘다 보자말자 심쿵,2범,0,2020-01-16T14:14:12.000Z
310,UgzkSRhsLNuvOWpVeG14AaABAg,와...맥북 스피커는....뭐.....헣,김ᄀᄆ,1,2020-01-16T14:13:33.000Z
311,UgwuxseysDXTIsSNId94AaABAg,왠지 lg그램에 비교당하는 느낌?,김동현,0,2020-01-16T14:13:17.000Z
312,UgybQLlQ-H0yGyo55kF4AaABAg,그램VS이온 리뷰하기전에 미리 추천좀요,김인직,0,2020-01-16T14:12:31.000Z
313,Ugy8AbrCiMWqLXqH99t4AaABAg,형.. 솔직히 8:10 여기는 반칙이지...,문하린,4,2020-01-16T14:11:46.000Z
314,UgxHbOyqzyibMDAGItl4AaABAg,혹시 LG에 X시리즈 아는 사람 있을라나... Xcanvas Xnote 크..... 시그니쳐 형임...,푸룻,1,2020-01-16T14:10:00.000Z
315,UgzEk_rOhJPCLO7FsmN4AaABAg,그램안사고 이온살 이유가 없어보여요,비공개,0,2020-01-16T14:09:02.000Z
316,Ugy_mZLK6W8358r8n5R4AaABAg,갤럭시북 플렉스는 리뷰 안하시나요?,제로루나,0,2020-01-16T14:08:48.000Z
317,UgwXyX0d1SnwSvQQflF4AaABAg,갤럭시 북 플렉스 샀어요 !!!!,부활tv,0,2020-01-16T14:08:35.000Z
318,UgwCUvfJ4gdzgB6zkil4AaABAg,2020그램은 언제쯤 리뷰가 올라올까요 ?’,Gold BBO,0,2020-01-16T14:08:33.000Z
319,UgwKEucbYXOxsYnsk814AaABAg,든든하네 정말~,Bin Mang,1,2020-01-16T14:08:31.000Z
320,UgxWOWA4sMGT6E1Dj9p4AaABAg,200만원 휴대폰vs200만원 랩탑,차실[chaseal],0,2020-01-16T14:07:55.000Z
321,UgzfyX5qjHWPJOX_C7B4AaABAg,공대 신입생들아 2학년때 노트북 새거 살 생각아니면 무겁고 크고 비싼거로사라,No Work Man,0,2020-01-16T14:07:31.000Z
322,UgxKPa8us3zMezv6h-l4AaABAg,이거 보는데 삼성 노트북 액정깨트려서 액정교체하려갔다가 그래픽카드까지 몰래 바꿨는지 엄청 구린 화질로 바꿔놨던거 생각나네..여자라고 모를 줄 알았는지 개가튼 삼성서비스센터.. 소리라도 바락바락지르고 올걸 순순히 봐주고 제대로 교체 다시 받아온 기억이 ㅂㄷㅂㄷ,papillon,0,2020-01-16T14:06:51.000Z
323,UgzSN_ywBz7hr8Zw16Z4AaABAg,다음은 삼성 갤럭시북 플랙스 리뷰해주세여 지금 플렉스로 보고있는데 어떤지 궁금하네요,kang건,116,2020-01-16T14:06:48.000Z
324,UgzjSdptkCq6iS3jA7p4AaABAg,삼성이...BOE를쓰다니 실망이야,ᄇᄇᄇ,0,2020-01-16T14:06:20.000Z
325,UgygEeMHXUIM4XWwQ194AaABAg,2020그램 17인치 i5 모델 사용중인데 발열 처리하는 부분 제외 하고는 좋습니다,L S,0,2020-01-16T14:06:11.000Z
326,UgxLmKG3K556qFJQHnF4AaABAg,삼성노트북과 엘지 노트북을 계속 비교해보고 사용 해보았는데 확실히 엘지가 기본이 탄탄하다는 느낌이 드네요. 과연 이것이 200만원대의 값어치를 하는건지 의문이 드네요.,정제요,0,2020-01-16T14:05:56.000Z
327,UgyTprvGit39hMU7Op14AaABAg,지금 고민 중인데 감사합니다 ;),ᄆᄆᄆ,0,2020-01-16T14:05:22.000Z
328,UgxBF7w_n5DPhm-jw_d4AaABAg,Dell xps 13 2020 언빡싱해주세ㅐ요.. 국내에 아무도 안다루고 델시리즈 왤케 영상이없나요ㅜㅜ 이번거 레알 잘빠지고 이쁘고 가벼운데 비싸여.. 사고시퍼,Sohyun Park,0,2020-01-16T14:04:36.000Z
329,Ugzygm7pzgJzIaT9tXh4AaABAg,드디어 리뷰해주네 ㅠㅠ 형 사랑해❤,김용원,1,2020-01-16T14:04:27.000Z
330,UgwOWYcrEDmTQDN48JB4AaABAg,노트북이랑 아이패드 비교저 해주세요 제바류ㅠㅠ 둘이 다른거 아는데  하나만 사야한다면 뭘 사야할지 모르겠어요 피피티를 생각하면 노트북인데 필기생각하면 아이패드 사는게 좋을 것같아서....,SH J,1,2020-01-16T14:03:59.000Z
331,Ugx1mY5IkenSMwFSmiR4AaABAg,형 하얀 노트북 안산다며..,솔방딩,0,2020-01-16T14:03:51.000Z
332,UgwbL0XKoIzSI4wOiU94AaABAg,그램 유저인데 그램산거 절대로 후회 안합니다. 렉도 아직 없고 워낙 가벼워서 이거 쓰다가 친구 노트북 쓰면 엄청 무겁게 느껴질 정도입니다. 단점이라면...배터리가 약간 빨리 닳는 느낌이 없지 않아 있습니다. 삼성 노트북은 무거울 뿐더러 가격이....차라리 맥북을 살 것 같습니다.,Pigeon,1,2020-01-16T14:03:43.000Z
333,Ugyv3TXINnNociIywM14AaABAg,"갤럭시 북 플렉스에 외장 그래픽 버전으로 구입해서, 간단한 작업+게임용으로 사용해도 부족하진 않을 듯 싶네요(아테나 프로젝트)
(확실히 무선 마이크가 없으니까, 후시녹음 파트가 아니면 예전 영상처럼 목소리가 많이 작아지긴 했네요... ㅠㅜ 마이크의 빠른 재투입이 필요할 것 같아요)",김정환,0,2020-01-16T14:03:40.000Z
334,Ugw3VxKdJtPKRTULzdF4AaABAg,BOE패널쓸거면 세계최초드립은 뭐하러했대...,바람개비,0,2020-01-16T14:03:33.000Z
335,UgzNiAhPV5dDzNbdck54AaABAg,잇섭님 랩도 잘하네 ㄷㄷ,청범,0,2020-01-16T14:02:38.000Z
336,UgwB5zl4sXYvgvHmeSx4AaABAg,형님 감사합니다!! 추천해주신거 보고 저에게 괜찮아 보이는것을 사겠습니다. !!,고명랑,0,2020-01-16T14:01:36.000Z
337,UgymYRVkz00XkG3Kj-Z4AaABAg,여윽시 갓성,굥굥몬,0,2020-01-16T14:01:24.000Z
338,UgxCIAkT_Haz3Ftnq7N4AaABAg,형 웨이코스 씽크웨이 토체티 텐키리스 D&T 콜라보 체리 키보드 이거 한번만 리뷰해줘,임홍재,0,2020-01-16T14:01:12.000Z
339,UgxWPAfsX1RmWtK24o94AaABAg,그램으로 이 영상 보는 사람?,stavc,0,2020-01-16T14:00:13.000Z
340,UgylPTXYYl0yv9wJHep4AaABAg,이미 맥북프로 사버림 ㅇㅅㅇ,29아놔!29아놔!,1,2020-01-16T14:00:11.000Z
341,UgzM4bwwpw-NN0xwQIx4AaABAg,애플 위주 언박싱이네요 흠,to 9065,0,2020-01-16T13:59:14.000Z
342,UgzOelCO6i_6FMjJgHB4AaABAg,엘지 오엘이디 티비 번인 리뷰좀 해줘요ㅠㅠ!,영스타,1,2020-01-16T13:58:47.000Z
343,UgxwInj-zSemwOY5Hup4AaABAg,갤럭시 북 플렉스도 리뷰 해주세요..,김민서,1,2020-01-16T13:58:21.000Z
344,UgzHsk7ku5KzcSsjza54AaABAg,ㅎㅎ 나는 이온 140에 사서 안 아깝당!,날씨가좋거든여,0,2020-01-16T13:58:11.000Z
345,Ugwy_1MxdltJpEi5ze54AaABAg,형 g913 언제해줄꺼야?,VGTH,1,2020-01-16T13:57:36.000Z
346,UgyrsWDQMQk1DHKPKFF4AaABAg,"1:10 휴대폰은

인정 못해요!",당근,0,2020-01-16T13:56:59.000Z
347,UgxLy5lySewDHT0t6Nl4AaABAg,"솔직히 판넬  깝 봐야하자 않나요? It ,유튜버라면?",ien lee,0,2020-01-16T13:55:40.000Z
348,Ugw2VHJrlBL7LkKbQjh4AaABAg,"새로나올 갤럭시 크롬북 존버 중
형은 크롬 os 어떻게 생각해?",맹.,0,2020-01-16T13:55:29.000Z
349,Ugy4DA3LlCw44bUScFh4AaABAg,잘보고 갑니다😀👍,쌍바형,0,2020-01-16T13:55:00.000Z
350,Ugwmd0G3fQhciGsDi8p4AaABAg,Qled면 그냥 lcd랑 큰 차이 없음 oled면 몰라도,홍길동,0,2020-01-16T13:54:58.000Z
351,UgyNuj2quQty1A0GPZJ4AaABAg,삼성로고좀뺐으면.... 힌지 부분 기스나면 눈물나겠다..,공부하는동그리,0,2020-01-16T13:54:37.000Z
352,Ugx0mJYNsV3Wi7K-e0x4AaABAg,오늘 영상도 잘보고 갑니당 !,H sm,1,2020-01-16T13:53:36.000Z
353,Ugzezbi8T_e_EWjVt054AaABAg,"이온보다 북s와 크롬북이 기대됩니다.
후후훟 ARM, 그리고 크롬북의 팬!",Husan Aisi,0,2020-01-16T13:53:17.000Z
354,UgxBdexZVW8i0U5V94x4AaABAg,"사운드는 무조건 맥북 미쳤다 ;;

8:14 8:14 8:14 8:14",복숭아,0,2020-01-16T13:52:24.000Z
355,UgzwKv2uo624tarRoXV4AaABAg,이온다음엔 갤럭시 북 플렉스나요?,최팽석,0,2020-01-16T13:52:16.000Z
356,UgwDEd7CvsP8XdvGwUN4AaABAg,망할BOE...,꿀타임,0,2020-01-16T13:51:42.000Z
357,UgzyFWDFCPtwyIIzozZ4AaABAg,"궁금한 것이있는데 키보드 리뷰 할 때 키보드치는 모습에서 뭐라고 치는 쳐요? 아니면 아무거나
무작위로 치는지 궁금해요",구글계정만드는구글계정,0,2020-01-16T13:51:31.000Z
358,UgwXHVb45gZLyU0jKoJ4AaABAg,"형 마르스 프로 리뷰해줘(2스택)




그리고 JBL TUNE 120 이어폰 실사용자인데 리뷰 마렵다",힐러유저04,1,2020-01-16T13:51:27.000Z
359,UgxWI20uXoVVeiAc15B4AaABAg,ㅋㅋㅋㅋㅋ b&o e8 3.0 나오기 하루전에 2.0삼 ㅋㅋㅋ큐ㅠㅠㅠ,오형빈,0,2020-01-16T13:51:25.000Z
360,Ugzkvh-Zj6uvg_WPJ3h4AaABAg,매일 새로운 리뷰와 좋은리뷰 감사합니다,넥슨짱,0,2020-01-16T13:51:20.000Z
361,Ugx2yH2MFzqF1Wjx5cZ4AaABAg,"그 돈으로  에이수스 키보드 리뷰
120일차",블랙화이트,1,2020-01-16T13:50:13.000Z
362,Ugw8JVJfc70pZo5f2tZ4AaABAg,맥북프로랑 비교하시면 우째요 ㅋㅋ.. 다뿌수네.. 차이가 확실히 나긴한다,스마트원정상,13,2020-01-16T13:50:06.000Z
363,UgwpkrRqv-uV3kU_Zfl4AaABAg,초등학생을 위한 노트북 해주세요,박사야,0,2020-01-16T13:49:57.000Z
364,Ugxd7brlgXfHUB8ZMAx4AaABAg,3D캐드용 노트북 사려고 하는데 뭐가 좋을까요 ㅠㅠ 그램이랑 울트라북 둘 중에 사려고 하는데,김승우,0,2020-01-16T13:49:21.000Z
365,UgyCqra0U5lg8pQiheh4AaABAg,"이새끼 확실이 돈받고 광고하는 티가 난다.
테크 유튜버면 삼성이 젠북 베낀거 확실히 알텐데......
젠북 언박싱까지 했으면서..........단지 젠북의 터치패드에 스크린 안넣고 베터리 충전만 바뀌었을뿐.
여는 방식 숫자판까지 완전 젠북 베낀거 기본으로 알텐데.....약점은 하나도 안하고 돈받고 광고하니 칭찬일색.",kross Jung,0,2020-01-16T13:48:48.000Z
366,Ugy91fiLGxoQR3EcfSV4AaABAg,형지금 스피커를 뭐랑비교하는거야 ㅋ̆̎ㅋ̐̈ㅋ̄̈ㅋ꙼̈ㅋ̆̎ㅋ̐̈ㅋ̄̈ㅋ꙼̈ㅋ̆̎ㅋ̐̈ㅋ̄̈,이용민,0,2020-01-16T13:48:47.000Z
367,UgyCtwAWiDB1gqNLVrF4AaABAg,플렉스 생긴거 탐나긴 하던데..,Kim miyo,0,2020-01-16T13:48:31.000Z
368,Ugw5sSjl0Zzw-L94Mxh4AaABAg,지금 노트북 고민하고 있는데 괜찮을ㄲ,Arthur Fleck,1,2020-01-16T13:48:10.000Z
369,UgyRAjoTA5y69pkI7e94AaABAg,구매영수증 공개해서 광고비 받고 만든 영상 아님을 증명하던가.. 광고비 받고 한 영상이면 광고 표시해라..,김선,0,2020-01-16T13:46:38.000Z
370,UgwjrPKBezqg9j7uLoR4AaABAg,차라리 이온 살돈으로 갤럭시 탭 졸라 비싼걸 사는게 읍읍,잉여인간,0,2020-01-16T13:44:41.000Z
371,Ugwut0kESBqb8ddyXJR4AaABAg,박스가 왠지 조안나 아이스크림 박스같은 느낌...,Grace,0,2020-01-16T13:44:22.000Z
372,UgzjqUi1LKSU4TfNCo54AaABAg,"전 바로 어제 갤럭시 플렉스를 사고 기뻤는데 인트로가 마음아프게 하네요...
근데 아무리 akg 튜닝이라도 맥북이 정말 압도적으로 사운드가 좋은듯 하네요...",jhd446,0,2020-01-16T13:43:59.000Z
373,UgzePemk2spUL0K1EOp4AaABAg,결론 : 애플은 가격과 무게말고 다 잘함,민호,1,2020-01-16T13:43:27.000Z
374,UgwHshp1TMcRCdeUpeB4AaABAg,"언에듀 케이티드=잇에듀 섭이티드

119 REMIX 언에듀 케이티드(uneducated kid) 부분
Flex 하는데 돈을다 썼어
목걸이 하나에 200을 줬어
명품이 나의 가치를 매겨?
명품이 나의 가치를 매겨.
내가 옛날에 백화점 가면 
날무슨 노숙자 보듯이 봤어
근데 이제 내가 백화점에 가면 
씨X 걍 yip 대접을 받아
재개발 살던놈 인생이 바껴
사람들 나보고 자극을 받어
핑계만 대던 새X들 눈 깔어
가짜 랩퍼들 전부다 눈깔어
uneducated kid 절때 안바뀌어
돈맛을 본 난 도둑놈 맞어
누가날 가르쳤다간 쳐맞어
누가날 가르쳤다간 쳐맞어

119 Remix:https://youtu.be/gxvpq3-D1HI",노랑띠,0,2020-01-16T13:43:19.000Z
375,Ugy_Q67ycl57TOMjZSt4AaABAg,믿고보는 잇섭! 잇하! (T90 보고 이미 질럿버린 1인...),puglin,0,2020-01-16T13:42:41.000Z
376,UgwbyjSPwj-frHL5GTl4AaABAg,제 개인적인 생각은 디자인은 그램 2020 버전보다 아니지만 always 시리즈보다 좋은 거 같습니다. 다음 영상이 삼성 갤럭시 북 이온 리뷰 영상인데 기대가 되네요 ㅎㅎ,Kim Dun,0,2020-01-16T13:42:03.000Z
377,UgweEkoZHTzEK8_kV_t4AaABAg,"미국에서 삼성이랑 엘지가 냉장고 2대장인데, 냉장고 리뷰도 부탁드립니다. (요즘냉장고에 인터페이스 죽입니다)",미국보통사람USOrdinaryman,0,2020-01-16T13:40:31.000Z
378,UgwdtGf0AYTJbV_PFG94AaABAg,"4:42
갑자기 목소리톤 올라가는거 왤케 웃기지",푸콘,5,2020-01-16T13:40:29.000Z
379,UgxF0GR6665NVc_z8yx4AaABAg,"디자인 = 삼성 승 ( 대격변 급 디자인 변경, 노트북9에서 갤럭시로 브랜드변경, 엘지는 거의 그대로 )
키보드 = 삼성 승 ( 엘지는 수년 전부터 변함없는 저렴한 키감 )
터치패드 = 삼성 승 ( 역시 엘지는 여전히 변함없는 터치패드 감도 )
디스플레이 = 삼성 승 ( 스펙을 떠나서 항상 변함없는 엘지의 글레어패널. 노트북이란 특성을, 울트라북임을 잊은듯한 미친 반사도로 야외시인성 쓰레기 )
스피커 = 삼성 승 ( 붐박스들어간 지네들 스마트폰보다 더 악질의 스피커, 귀가 썩음 )
무게 = 엘지 승 ( 인치 수 대비 가벼운 무게 )


결론 : 100그램 정도의 무게차를 체감할 수 있고 이 100그램을 도저히 못 들정도의 사용자가 아니라면 삼성을 가는것이 상식적인 구매. 엘지는 여전히 그램의 인지도로 겉만 조금씩 바꾸고 로고 위치 수정하면서 재탕에 삼탕하는 등, 문제점 개선의지가 전혀없음.",sjh kr,0,2020-01-16T13:40:00.000Z
380,UgxvDqrQ7S9CiFQhoLx4AaABAg,"타건감 최악
애르고리프트 고무 없는거 최악
지문인식 위치 최악
하..............",DIDROD 양갱,2,2020-01-16T13:39:29.000Z
381,UgzqdC2xvOIvMOQx2Cl4AaABAg,sky fit x리뷰좀요,김도윤,0,2020-01-16T13:39:07.000Z
382,UgzSb7pn0T88hlMvB194AaABAg,"인트로 이해 못하신 분들을 위해
 • ""flex하는데 돈을 다 썼어! 목걸이 하나에 200을 줬어!"" 는 *119-remix* 중 uneducated kid 의 벌스 중 가사 일부분입니다",정윤현,0,2020-01-16T13:38:21.000Z
383,UgzlSXcYhXKDy-jT76J4AaABAg,화질어마무시..,가자,0,2020-01-16T13:38:15.000Z
384,UgxQxUxNZZIq1PX06pR4AaABAg,인트로 설마 119remix 언킫 파트야??,차범수,16,2020-01-16T13:37:49.000Z
385,UgzLlcUOVEqHGlaRUBx4AaABAg,갤럭시a51리뷰 해주세요,송태민,1,2020-01-16T13:37:28.000Z
386,Ugzpnc-pm6K1b2GxKWd4AaABAg,"형님들 도와주세요!
한국에 노트 10라이트 나오는거 맞나요...?
그리고 라이트에 버즈+ 같이 안주면  노트10+사는게 이득일까요?",조항백,0,2020-01-16T13:37:18.000Z
387,Ugzf6d0HknL2ygdp-zR4AaABAg,아쉬운거밖에 없는데요...?,손계스,1,2020-01-16T13:37:14.000Z
388,UgzQQBGrf4RxwI-2Nbx4AaABAg,역시 오디오는 맥북 압승이네유퓨,이시국,0,2020-01-16T13:36:16.000Z
389,UgzrMaVf_3mM91W68M14AaABAg,역시 cpu 성능향상 된 만큼 발열이 더 있나보네여. 팬이 자주 돌은다는얘길들으니여,gods of rome airwolf,0,2020-01-16T13:36:06.000Z
390,UgyPq9Ay1TMN7-rpqvJ4AaABAg,저도 갤럭시 북 이온 을 사서 쓰고있는대 좋아요 성능도,이선경,0,2020-01-16T13:36:02.000Z
391,UgzAUYNzVud2ChdehgV4AaABAg,포토샵용 노트북을 알아보고있는데 뭘 사면 좋을까요?,좆승우,0,2020-01-16T13:35:08.000Z
392,UgxWoZ7BAknbtI_afqp4AaABAg,포장 진짜 구리네.....  파우치 마우스 주지말고 포장이나 좀 잘해라,아비치,1,2020-01-16T13:34:54.000Z
393,Ugy1wgVFAd6Jym8nydR4AaABAg,에이수스 비보북이랑 삼성 이온 차이는 뭐에요?,김현수,0,2020-01-16T13:34:29.000Z
394,Ugw3V-Wo6oJ65AxBnh14AaABAg,ItSub잇섭 눈썹:   /   \,deathmire11,71,2020-01-16T13:33:16.000Z
395,UgzOQ_VKEir9IR6J7w14AaABAg,형 나 고정댓글 해줘,홍승우,0,2020-01-16T13:32:45.000Z
396,UgxvYxlbU6cHLZ_7iUp4AaABAg,드디어,컨트리볼스토리,1,2020-01-16T13:32:38.000Z
397,Ugzw_aRW95zbpU0OPsB4AaABAg,"좀더 휴대용으로 쓰려면 그램이 더 기대되네요
근데 디자인은 진짜 잘뽑은듯?",건우박,0,2020-01-16T13:32:19.000Z
398,UgyefEJ5vbrQZSf2JcB4AaABAg,"모든지 살려고 하면 돈이...





통장 : 나 없이도 행복해야해애애애!!!!",hello world,36,2020-01-16T13:31:58.000Z
399,UgwK4I1CAfilKfNctsB4AaABAg,4:45 보고있는데 심장철렁,김민호,44,2020-01-16T13:31:57.000Z
400,UgyZ2u-rjooA6DnAxCd4AaABAg,"1:00 소심한 손 하트?




나도 하트커몬",덥지,0,2020-01-16T13:31:32.000Z
401,UgytgcDfoIvD0qgE7UR4AaABAg,삼성 노트북에 BOE패널;;;;;,kleeo83,0,2020-01-16T13:31:17.000Z
402,Ugwu_GpAfsX6U7AK1kl4AaABAg,이러다가 이온X나오겠내,모든게임의 지식,1,2020-01-16T13:30:20.000Z
403,Ugwyz6yPcY2lvYiRdWF4AaABAg,형나 댓고정해줘,화염유튜브,0,2020-01-16T13:30:19.000Z
404,UgyzNcyIQ8BUmha-CIp4AaABAg,충격 고백 하겠습니다 저는 삼성ui보다 iu가 좋지만 춘배가 제일 좋습니다!!,Tim cook,13,2020-01-16T13:30:18.000Z
405,UgxA492-Y7KsUPYBG2B4AaABAg,나는 그램 살래,현주명,0,2020-01-16T13:30:08.000Z
406,UgzsaqdKeZ7ed9QAxCx4AaABAg,하지만 가격들이 ㄷㄷ,승표TV,0,2020-01-16T13:30:01.000Z
407,Ugw-plwShfP4FUGdm7d4AaABAg,"애플 네이밍 비슷하게 가네
S pen -> S pencil
Galaxy Gear-> Galaxy watch
Galaxy book 까지",TV수돌이,0,2020-01-16T13:29:40.000Z
408,Ugy9IXiwVexXro1G2694AaABAg,잇섭님은 그타 안하시네 보구만...텐키가 게임에 안중요하다니...!,후니즘편집자,0,2020-01-16T13:29:28.000Z
409,UgxQ1RfgULAW_dD8bYp4AaABAg,노트북에서 게임성능 테스트도 꼭 해주세요😗,송냐뮤,0,2020-01-16T13:29:25.000Z
410,UgyZzXoQUi3S4OY0Uat4AaABAg,별로야,Tim cook,1,2020-01-16T13:28:07.000Z
411,UgzWKBPhCR8Kfrry53l4AaABAg,잇섭형 플렉스 15인치 리뷰좀해주세요 ㅠ,김창현,0,2020-01-16T13:27:58.000Z
412,UgxZ7DXuKt0jPpMws_l4AaABAg,인트로 상상도 못한 정체 ㄴㅇㄱ,Andy TV,0,2020-01-16T13:27:44.000Z
413,UgzTigd_N9rjeSxVZld4AaABAg,"못배운 아이:Flex 하는데 돈을 다 썼어?
노트북 하나에 200을 줬....?",Da Da,55,2020-01-16T13:27:18.000Z
414,UgxFGHTynCR3s1asqDJ4AaABAg,역기 L.G GOD G,종서,0,2020-01-16T13:26:55.000Z
415,UgxrN_f9mEJi5mAcRRl4AaABAg,오늘 집에서 새로나온 터미네이터 보는데 잇섭님이 영화에 나오는 악당 닮았어 ㅠㅠㅠㅠㅠ 믿기실어,Huyn Do,0,2020-01-16T13:25:39.000Z
416,UgxDU9im1aQiUw8mGSB4AaABAg,맥북프로랑 스피커 비교할때 이온이 음질이 되게 안좋게 들리네요..,현준바크,7,2020-01-16T13:25:12.000Z
417,Ugw5PT2NGYAeVHmZ2nV4AaABAg,복학하는데 올해 .. 노트북 뭐사야할지 엄청 고민되네요 . 잇썹님 영상 보고 구매할때 참고 해야겠네요 .,Hyundong Kim,6,2020-01-16T13:24:45.000Z
418,UgyI83lMIxTYIf6aMBh4AaABAg,1:07 형 손전화는??,kw lee,0,2020-01-16T13:24:21.000Z
419,Ugzu33RkgFDVgZAkqjt4AaABAg,아... 스피커 비교에 하필 맥북을.......,#날로먹는 ASMR,76,2020-01-16T13:24:09.000Z
420,UgzhXhuRkKKDl-_3o1V4AaABAg,아 겁나 부럽다ㅠ ㅠ 나는 노트북은 개뿔 폰 밖에 없는대 하...............,리오넬메시,0,2020-01-16T13:24:08.000Z
421,UgwZ_QJdZXnsK8RWb0t4AaABAg,모니터는 LG 가전은 LG,아재Z,0,2020-01-16T13:24:08.000Z
422,UgzarwHQr7QQMyGTiNl4AaABAg,스피커..어떡해ㅠ,ᄆᄂᄋᄅ,3,2020-01-16T13:23:57.000Z
423,UgxsFeVIP1h8Nk1MprN4AaABAg,4:42 그리고↗️오,LSH Studios,4,2020-01-16T13:23:23.000Z
424,UgzRtIxaRi8GkWbyijt4AaABAg,"스피커는 AKG 튜닝이라 자랑하기도했고, 마땅한 노트북이 없어서 맥북프로와 비교해봤는데 음...
경쟁 모델인 2020 그램 구입하면 다시 제대로 비교해보겠습니다.!

추가. 댓글에 영수증에 대해 이야기 하셔서 아래의 링크 참고 부탁드립니다.
( https://bit.ly/2uXaf1i )",ITSub잇섭,334,2020-01-16T13:22:33.000Z
425,UgwAJHS1zZc2_Q2wJzp4AaABAg,"이온은 어감이 좋긴하다
삼성하면 뭔가 차가운 느낌이 강했는대
하.. 근대 삼성로고 말고 다른걸 넣었으면....",nano 90,0,2020-01-16T13:22:10.000Z
426,Ugwe62t6VxLNni5cFz14AaABAg,QLED 그거 OLED 짭 아닙네까?,박상우,0,2020-01-16T13:21:59.000Z
427,UgxJ51C9PMj_WGQ3xnN4AaABAg,"역시 중국산 저가패널이 들어가는 삼성노트북
LG 그램이 훨씬 좋아보이게 해주는 제품",Google One,0,2020-01-16T13:21:20.000Z
428,UgzooAs8bNIVI4qQhBJ4AaABAg,2:13 형 그렇게 까는거 보니 비싼건 전부 던지면서 까는거지?,라이젠,0,2020-01-16T13:21:00.000Z
429,UgyB0b-8oD9fL2kC4WN4AaABAg,역시 맥북 사운드 ㅈㄹㄷ,김우성,0,2020-01-16T13:19:45.000Z
430,Ugyo6EFGcBmrEplVAdR4AaABAg,1:14 형 노트북 못 받을까봐 걍 제자리에서 돌린거지?ㅋㅋㅋㅋㅋ,김민혁,165,2020-01-16T13:19:30.000Z
431,UgwlcblnV7vQjHNn_gN4AaABAg,"BOE 디스플레이는 불량 없이 괜찮으신가요
제 북s  는 불량픽셀 6개라 교환도 못하고 ㅡㅡ
화면에 고춧가루 묻은것처럼 한번 보이면 계속 신경쓰이네요",아픈고양이,0,2020-01-16T13:19:21.000Z
432,Ugz8PcT-gmnA6L9zkIt4AaABAg,"아이폰 X 쓰는데 영상 비율 꽉차는거실환가요 ㅠㅠ
역시잇섭",이성윤,1,2020-01-16T13:18:19.000Z
433,UgwmpDzAW6e3-iwKjN54AaABAg,갤럭시 북 플렉스도 리뷰하실껀가요?,이동근,0,2020-01-16T13:18:07.000Z
434,UgxeYdNVouUgd2D69gd4AaABAg,기다리고 있었다 형의 이온,그뭐냐그거,0,2020-01-16T13:17:35.000Z
435,UgxFqRhrOK_wM8jtBxF4AaABAg,오늘 인트로는 언에듀를 따라하셨네요 ㄷㄷ,jy y,0,2020-01-16T13:17:34.000Z
436,Ugz81v8zylTvtcHBOGx4AaABAg,유튜브 딱 들어왔는데 딱 알림뜨네,엘사 갓,0,2020-01-16T13:16:38.000Z
437,UgzDoWBRz-yIAIhILxx4AaABAg,애플 스피커는 삼성하고 비교도 안될만큼 대박이다,이윤호,0,2020-01-16T13:16:30.000Z
438,Ugz8ZJ2okB6pqptWSmJ4AaABAg,옵치돌아가나요?,찬혁박,0,2020-01-16T13:15:58.000Z
439,UgyuHXXGAjtX2tGjech4AaABAg,튼튼한노트북은 머가있나요?,전원만,0,2020-01-16T13:15:41.000Z
440,UgzG38J2xTDzcmhQZl14AaABAg,"삼성노트북 리뷰인데, 엘지그램이 더 좋아보이는 이유는 뭘까.",최고급 A4,0,2020-01-16T13:14:33.000Z
441,Ugz2wuoXm_Kpmj9cHiN4AaABAg,이거 왜 리뷰안하나 했습니다ㅋㅋ,가자잇!,0,2020-01-16T13:14:09.000Z
442,Ugz44iyql1hpbwTJdxd4AaABAg,모서리로 찍어서 큰일 낼 수 있을 것 같다.,쵸쿄미키,0,2020-01-16T13:13:59.000Z
443,UgxGDk0UtMlv1r6kVoR4AaABAg,4:42 그리고오오오,야미남,0,2020-01-16T13:13:56.000Z
444,Ugzrh1u-7A_azMbHGN14AaABAg,근데 뭔가 키보드 소리가 조약돌 키보드같다 축을 빼놓은 듯한 소리라고 해야하나 으음.......,보라해방탄,0,2020-01-16T13:13:48.000Z
445,UgxS4u0xQPKcY97L2ad4AaABAg,얘도 분해쇼 하십니까 ㅋㅋㅋ,페퍼민트,3,2020-01-16T13:13:32.000Z
446,UgzqygoGOVMBvEVyff54AaABAg,갤럭시북플렉스 리뷰는 안하시나요??,ᄇᄑ,0,2020-01-16T13:13:32.000Z
447,Ugwq5mOlXImw6rqHpG94AaABAg,잇섭님 2주전에 중고나라에 제품파는 영상에 제가 가지고싶었던 배틀그라운드  에어팟케이스 스트렙이 잠깐나왔는데 이벤트  1번만 더해주세요 지금 단종되서 안나와요ㅠㅠ,G5 tv,0,2020-01-16T13:11:27.000Z
448,UgxkFvkujXrioMkWLhV4AaABAg,에이 형 맥북이랑 사운드 비교해버리면 너무 학살이지....ㅋㅋㅋㅋㅋ 플렉스랑 이온 사운드 비교도 매우 궁금해욤,snow flower,0,2020-01-16T13:10:54.000Z
449,UgwqDLtQSms6p3ChIgZ4AaABAg,맥북이 스피커는 깡패다...,뭘봐,0,2020-01-16T13:10:41.000Z
450,Ugy5mVbJUkS3tmg0JBZ4AaABAg,"항상느끼는데 뚜껑에 본체 들어있으면 잇섭은.,...",괴짜{강슈},0,2020-01-16T13:09:43.000Z
451,Ugy93u214G43ZR1Yk7l4AaABAg,스피커테스트할때 노래 먼가용?,구민승,0,2020-01-16T13:09:41.000Z
452,UgwDfFX0LXqD4ay1Tl54AaABAg,"아 진짜 book s 110밖에 안하는데 적어도 플랙스 보단 훨씬싼데




가지고싶다....",돼지귀신tv,1,2020-01-16T13:09:39.000Z
453,UgwxxiOOUu6Wxj396Uh4AaABAg,인트로에서 결국 국밥은 안드시나요?,Jung Young Yoo,1,2020-01-16T13:09:35.000Z
454,UgxPg2LohNRBTmg_pFR4AaABAg,디자인 이쁘네요..빨리 사용기 봤으면 좋겠네요..ㅎ,유명호,0,2020-01-16T13:09:23.000Z
455,UgzrTxRmo4wEXIjdLe54AaABAg,고정해줘!,꽁추,1,2020-01-16T13:08:45.000Z
456,UgyCodXS7011VuaeACl4AaABAg,잇섭님 영상 잘 봤습니다,COVER OP,0,2020-01-16T13:08:21.000Z
457,UgxpgVdsOXDRTk5fMkR4AaABAg,2:12 너무 찰져서 10번 돌려봄,ODDVIBE,40,2020-01-16T13:08:14.000Z
458,UgyhvdJFOEOL1NKqwzF4AaABAg,"ㅗㅜㅑ... 비교대상이 맥북프로라니요... 삼성 들을 때 딱 ""그저 그런데..."" 하다가 맥북 들어니까 ""ㅗㅜㅑ...""",AKIRIO ZETA_,0,2020-01-16T13:08:11.000Z
459,Ugw5m_mYMJcBlBI8OTZ4AaABAg,0:00 미안해 형은그런적이 없어,사탄이야이건,0,2020-01-16T13:07:41.000Z
460,Ugwz3FnOAVmTNC0HVw54AaABAg,스피커는 뭔가 답답한 느낌이네 근데 노트북 쓸때는 이어폰을 많이쓰기도 하니까 스피커는 적정선으로 하고 다른 스펙 올리는게 좋은듯,인트로믈리에,0,2020-01-16T13:07:16.000Z
461,UgyceHPE-E0t4GxomTl4AaABAg,와 가격이 맥북프로보다 비싸네,엉덩이를흔드록바,0,2020-01-16T13:07:01.000Z
462,UgzjNvGCDTELPAN5rsB4AaABAg,잇섭님께 예전에 노트북 추천으로 페메 드렸다가 이온 추천해주셔서 이온 샀는데 너무 만족하고 잘 쓰고있어요~~ 감사합니다~~,RADISH,0,2020-01-16T13:06:47.000Z
463,UgxtbpfRqCt5LBNWdSF4AaABAg,오~스피커 놋북에 휴대폰 스피커 달았나 ~감동적 으로 못들어 주겠다,장회중,0,2020-01-16T13:06:36.000Z
464,UgwMqs29pdVFU9KpmIZ4AaABAg,2:13 표정상태...?,Jihan (Ryan) Lee,7,2020-01-16T13:06:30.000Z
465,UgzX-J_8kjLu0kIBSk14AaABAg,"잇섭님,,,주연테크 노트북,,,,,,,리뷰 해주면 안될까요,,,,,,,,후기가 너무 없ㅇ어요,,,,,ㅠ",곡갈곤,0,2020-01-16T13:06:19.000Z
466,Ugy9PCDIa5Rt_GN-UKd4AaABAg,QLED 진짜 LED가 아니잖아요.  가격만 높아지고 약간  화면 더 좋다고 구매하기엔 그램이 더 좋은것 같아요. 하지만 디자인은 더 좋아졌네요.,TaeYoung Kim,0,2020-01-16T13:06:00.000Z
467,Ugz5paYXSOSjPYLpZPx4AaABAg,전원버튼 위치와 마우스패드 위치가 그램보다 좋네요,JW,0,2020-01-16T13:05:56.000Z
468,UgxyzlHW_NxJIt2n3L14AaABAg,형 애플뮤직 리뷰 좀 해줘,새우초밥,1,2020-01-16T13:05:30.000Z
469,Ugxz4ob2Kkk5HT40xyp4AaABAg,이번 그램 아이스쓰고 발열 쓰로틀링 못잡은거같던데 ㅋㅋㅋㅋㅋㅋ,조성엽,0,2020-01-16T13:05:20.000Z
470,UgxlJqLMy_sJL8uMpxl4AaABAg,"오른쪽 쉬프트 작은거는 ㄹㅇ 단점이긴 하네요 
적응 좀 해야 쓸만할듯",tongstar,3,2020-01-16T13:05:09.000Z
471,Ugz5F0dLvcFUdudaMNV4AaABAg,스피커 ㅋㅋㅋㅋ 맥북으로 이온 깨부순 수준,라슈,6,2020-01-16T13:04:49.000Z
472,UgzVweMD1PxRWwmYD3l4AaABAg,0:00 풀렉풀렉풀렉,TONIMOLY ROLYPOLYHOLYMOLY,8,2020-01-16T13:04:38.000Z
473,UgyYTJYW_iLfAvN0r8N4AaABAg,삼성이 뭐냐 감성없이 우리의 맥북을 사라 호구들아,팀쿡,4,2020-01-16T13:04:32.000Z
474,Ugw6Mdx0NbkSpKEVjWN4AaABAg,아 오른쪽 시프트 짧은 거 극혐 인정~ 안사야겠다,HY Park,0,2020-01-16T13:03:35.000Z
475,UgwhyEbFIXBUwMfL9jV4AaABAg,"건축학과 같이 
좀 사양이 중요한 노트북도 추천해주시면 안될까요??????",insung hwang,0,2020-01-16T13:01:50.000Z
476,Ugy-A22G2SHX4pl_Xnd4AaABAg,"갤럭시 북s와 갤럭시 북 이온 i3 13인치중 고민 하다가 북s를 12월31일날 구매하고 사용중인데  잇섭님의 이온 언박싱을 보면서 잘 샀구나 라는 생각이 들었습니다.
확실히 고급스러운 면은 알루미늄을 사용한 북s가 훨씬 고급스러웠고 스피커또한 북s가 좋았습니다.
한가지 아쉬운게 포장내용이 달랐던건데 북s는 고작 충전기랑 사용설명서가 끝인데 이온은 마우스가 들어있더군요.
노트북은 처음 사용하지만 북 이온 가격이 부담되시는분들은 북 s를 사용해도 괜찮습니다.",이재민,2,2020-01-16T13:01:38.000Z
477,Ugxk6sR268-x7f6Jn9V4AaABAg,기다렸던 제품아다아아아아,팝콘,0,2020-01-16T13:01:23.000Z
478,UgxHXEQB8s6tMoLHkJd4AaABAg,"갤럭시 북 플렉스도 리뷰 해주세용  ㅎㅎ 대학 입학하면 플렉스가 좋을까요 그램이 좋을까요  요즘 저의 최대 고민 ,,,,",서현진 개이뻐,3,2020-01-16T13:01:18.000Z
479,UgyTNGPXVcgHqmp4yiF4AaABAg,와 여기 인트로 맛집이여,겜스V,0,2020-01-16T13:00:58.000Z
480,UgzYDMD8IGpp0YaZnqZ4AaABAg,오투팟리뷰해주세요.,Dream연우,0,2020-01-16T13:00:05.000Z
481,Ugy5goAScRCjpYhgAZh4AaABAg,와 역시 애플은 애플이네... AKG 이딴거해도 클라스가 다르네  8:13,양준오,0,2020-01-16T12:59:25.000Z
482,Ugwcdb7SxFYMkNzgx_Z4AaABAg,오오오,흰색문.,0,2020-01-16T12:59:11.000Z
483,UgzvB2HaWS3RMc6eFjh4AaABAg,삼성 셋팅에서 저소음 모드? 그렇게 설정하시면 팬 소음이 적어지더라구요!!,이으악,0,2020-01-16T12:59:10.000Z
484,Ugwn09Qnf3CyqbFk5R94AaABAg,ㅋᆞㅋ 난 차라리 LG 그램 사고 남은 돈으로 국밥이나......,배정현,0,2020-01-16T12:59:09.000Z
485,UgyV-jB77RDIHYp2-KR4AaABAg,"형 갤럭시 북 flex도
Flex해야죠?",김민찬,0,2020-01-16T12:59:07.000Z
486,UgxVo92emS15AYLlIeN4AaABAg,"이온 스피커: 오 괜찮은데?
맥북 스피커: 와 맥북
이온 스피커: 뭐지 이건",마미며모미미먀먀모,20,2020-01-16T12:58:47.000Z
487,UgyIS43P04SiaM8EFpd4AaABAg,삼빠가 봐도 스피커는 별로네요. 그램 기대됩니다. 고2때인 14년에 처음으로 그램 13인치 썼습니다. 지금도 사용중이구요 느려터졌긴하지만요. ㅋㅋ,박동현,1,2020-01-16T12:58:20.000Z
488,UgxELigFgqD-jss3dcx4AaABAg,뭘해도 애플 노트북 음질을 못 이기넹,시국이시국인지라,0,2020-01-16T12:58:15.000Z
489,UgwGS7JrW1fhVIBOvAN4AaABAg,"구독자 이벤트 하면 좋을듯요...
대학생인데 아카데미 시즌이 못 구매해서
돈때문에....ㅠㅠㅠㅠㅠㅠㅠㅠ",단호고,0,2020-01-16T12:58:07.000Z
490,Ugw1HJkrpxTvtHeG6W94AaABAg,잇섭님! 궁금한거있는대. 맥북프로 16인치에 연결해서쓰시는 모니터 무엇인가요?? 모니터를 하나 사고싶은대 ㅋ,New Clear,0,2020-01-16T12:58:06.000Z
491,UgzaiZ7owAO8mP0Y9qZ4AaABAg,삼성  갤럭시북  이온 플렉스 시리즈 패널이 중국산 BOE,s쓰르라미,0,2020-01-16T12:57:40.000Z
492,Ugw-rqhCNz2BKVLDUXh4AaABAg,"북s 랑 비교했을 때 어떤게 더 좋나요?
(문서작업, 인터넷, 가벼운 게임만 하는 경우)",진은성,0,2020-01-16T12:57:36.000Z
493,UgysRpXohM5n9IBj5fZ4AaABAg,"오픈마켓에서 사면 마우스랑 파우치가 미포함입니다 팬소음은 생각보다 크긴한데   
삼성셋팅에서 저소음 모드를 키면 조용해지네요",아이고머니,0,2020-01-16T12:57:20.000Z
494,UgwNZfJ-mLXnXppJETZ4AaABAg,잇섶님 에어팟프로케이스뭐가좋을까요.ㅠㅠㅠㅠ,지송임,1,2020-01-16T12:57:13.000Z
495,UgzJ7R1osHiez-h7xnd4AaABAg,XPS도 리뷰 부탁드립니다!,플레이,0,2020-01-16T12:57:06.000Z
496,UgwBj2wRCpgP9mkL2A94AaABAg,확실히 사운드는 애플이네..,Alli Muhad,0,2020-01-16T12:57:04.000Z
497,Ugzvm8S2ImcHg12Eful4AaABAg,잇섭님 5만원이하대에 추천할만한 키보드 없을까요?(가능하다면 적축으로...) 그리고 마우스도 2만원이하 가성비 제품도 알려주세요!!,장윤성,0,2020-01-16T12:56:56.000Z
498,UgzjZNAEg-8LPAHNKu54AaABAg,삼성 엘지는 가성비가 너무쒸입쓰래기라 노트북은 도저히 살 마음이 안들더라..,MN,0,2020-01-16T12:56:56.000Z
499,Ugzfrww8pU-9ZH4xIt54AaABAg,화면비율 무엇?,황성현,1,2020-01-16T12:56:54.000Z
500,UgzQ6BsrBMVFEBuJgLR4AaABAg,2020 lg 그램 17인치 i7 쓰고 있는데 좋습니다 추천할만해요~(엄청),마시멜로,24,2020-01-16T12:56:49.000Z
501,UgyffOXk_i2QC7wK5DB4AaABAg,배터리가 69.7.... 크흠 크흠,Ddaya,0,2020-01-16T12:56:21.000Z
502,Ugzb_4BhpD0ol4r9yzJ4AaABAg,맥북사운드는 와.... 정말좋네요... 삼성 lg도 읍읍... 맥북급으로 더 노력해줬으면,라온,0,2020-01-16T12:56:16.000Z
503,Ugx7l0is9Csl6kLtRyN4AaABAg,인트로가 더 재밌는데,Introduce Korea한국 소개,0,2020-01-16T12:56:00.000Z
504,Ugx0Yt9zKcHZcmXccwV4AaABAg,뭔가 옛날 삼성 노트북이랑 닮았는데...?,이은혁 T V,0,2020-01-16T12:55:59.000Z
505,Ugz0Kxk-L2p8Nd9cjQR4AaABAg,형 가성비 좋은 아수스도 해줘,Double foxhead,1,2020-01-16T12:55:58.000Z
506,UgwgVdTZ32jPs8om6LB4AaABAg,"애플 스피커는 진짜 못따라가는게
아이패드 미니5도 
""이야 이정도 스피커면 블투 스피커가 필요가 없네"" 라고 생각했는데
요번에 나온
아이폰11 프로 쓰니까
""이야 이정도면 아이패드가 필요가 없네"" 라고 잠시 생각했음
스피커 공간감이 뭔가 했는데 XS랑 비교하니까 알겠더라
문제는 내가 돈이 딸림
SE2나 노려야지",랏토,0,2020-01-16T12:55:55.000Z
507,UgxwWiTeZj6fh4BDcil4AaABAg,아우라글로우가 너무 매력적인 노트북,yoyo 00,0,2020-01-16T12:55:48.000Z
508,UgwGDuyuLOG9hBIzs1J4AaABAg,삼성로고만 뺐으면,sang hun yoon,0,2020-01-16T12:55:38.000Z
509,Ugxyh2FBRzc2-nH4ktZ4AaABAg,"잇섭님 제가 컴알못 산업디자인과 들어가는데 4,5년 정도 쓸려하고 라이노 처럼 3d프로그램 돌아가는 노트북 사고싶은데 혹시 200밑으로 있을지 추천해주실수있으실까요..???부탁드립니다ㅠㅠ",기디,0,2020-01-16T12:55:16.000Z
510,UgxMDuEnC5QC3M3rGKh4AaABAg,7:39 I like this,이준,1,2020-01-16T12:55:02.000Z
511,UgykUTBZ2KdImoihF7Z4AaABAg,FLEX하는데 돈을다 썼어 노트북 하나에 200 을 줬어 잇에듀케이티드키듴ㅋㅋ,wv wv,0,2020-01-16T12:54:49.000Z
512,UgwW9Ek0prJc_0UqpmV4AaABAg,그래도 아직 맥북 스피커 따라갈려면 한참 멀었네 ㄷㄷ,아니시에이팅,11,2020-01-16T12:54:17.000Z
513,Ugw4N4_UWSPt0OY1_qx4AaABAg,"잇섭형고마워! 리뷰해준다더니 진짜해줬네
이제 flex하러갈게 고마워 형!",지승우,0,2020-01-16T12:53:46.000Z
514,UgwtBuiBr_QnyvxufsV4AaABAg,섭이형 사랑해♡♡ 항상 영상잘보고있구 고마워,Min Sang,0,2020-01-16T12:53:36.000Z
515,UgxpNDOVvTP04-Xx_Rh4AaABAg,저는 시계 재고없어서 못사는중..,leehs517,0,2020-01-16T12:53:14.000Z
516,UgyFFJ2nyfNBhNZyJYl4AaABAg,119 언에듀 벌스 구독자 119만.. 노린건가,이수성,0,2020-01-16T12:53:02.000Z
517,UgxIgZ3Knc9YWsheXGh4AaABAg,언빡싱 칼이 안나와서 심심해 다음에는 언빡싱 칼로 해줘 형....,Jae Mr,0,2020-01-16T12:52:45.000Z
518,UgxFMFtsM_OKGi2TJlJ4AaABAg,"인터넷에서 구매하면 파우치가 안들어있다했은데???
왜들어있죠?? 저도 똑같은 사양으로 구매했는데.......",일개미 이조교.,0,2020-01-16T12:52:41.000Z
519,UgyseCtll1KPGWdJaop4AaABAg,"형 안쓰는 컴퓨터나 노트북 나한테 보내줘라 제발형'~~~~
(taaaaa0383@naver.com",재훈,0,2020-01-16T12:52:33.000Z
520,Ugz7voZ70bN6pm4BEPt4AaABAg,제네시스 gv80도 언박싱ㅆㄱㄴ??,석주원,0,2020-01-16T12:52:31.000Z
521,UgwoZC2E9_0hLtsYrG94AaABAg,저는대학생이지만 공과여서 필요없죠,LJ,0,2020-01-16T12:51:59.000Z
522,UgxTbxQT_keaX2b-aHJ4AaABAg,4:46 ''무게는 15인치인데'' 띠용??? 크흠,기럭이,0,2020-01-16T12:51:37.000Z
523,UgzOBrkk-RuIVcBEIeN4AaABAg,스피커 부분에선 이온이 킄,coolcat258,0,2020-01-16T12:51:22.000Z
524,Ugy1bR2AZn9eH-syRhZ4AaABAg,언에듀 ㅋㅋㅋㅋㅋㅋㅋ,위진건,0,2020-01-16T12:51:18.000Z
525,UgwH43aLgiDADzVl6gV4AaABAg,이건 QLCD인가요 QLED인가요,Jeongpil Shin,1,2020-01-16T12:51:16.000Z
526,Ugy7UnpbFl19GOTAd2B4AaABAg,그래봤자.맥북.이다.,Deleted User,0,2020-01-16T12:50:54.000Z
527,UgzC-Vf1zBiL6g2WIMV4AaABAg,삼성 갤럭시북 이온 했으니 flex flex 해볼까,장성민,0,2020-01-16T12:50:31.000Z
528,UgyEuBLBYxd_OZJATix4AaABAg,항상 잘 보고 있어요 저는 재수해야되서 1년뒤....ㅜㅜ,박세니,17,2020-01-16T12:50:29.000Z
529,UgxHyawURpXj0QdCMT94AaABAg,"8:11
저도 노트북 사용하면서 알게된건데 Samsung Settings에 들어가서 오디오에 들어가서 음향효과 설정에서 모드 바꾸면 소리가 더 좋아져요",이재영,8,2020-01-16T12:50:25.000Z
530,UgzProbTa5pby4iAIAV4AaABAg,무슨 중국꺼 가지고와서 qled라고 ;,jee eep,0,2020-01-16T12:50:23.000Z
531,Ugw2z5Br7lmX_H6M6Ll4AaABAg,스피커는 맥북 절대 못따라잡음 소리 풍성한거봐 ㄷㄷ,TWICE LOVE,0,2020-01-16T12:50:10.000Z
532,UgwJArqilPBdABnIp994AaABAg,형 나 똑같은 사양에 외장그래픽모델인데 성능 차이 엄청나. 노트북으로 롤 처음 실행했는데 디폴트값이 내장그래픽으로 설정되있어서 첫판 40~50프레임으로 겜하느라 암걸리는줄 알았어. 나중에 외장그래픽 키니까 190프레임 나오더라,moonsu park,0,2020-01-16T12:49:54.000Z
533,Ugz_ibMPSQ5e33e-mtF4AaABAg,아 ㅋㅋㅋㅋㅋㅋ스피커 테스트 비교 대상이 하필왜 맥북프로야 ㅋㅋㅋㅋㅋ양아치인가 ㅋㅋㅋㅋㅋㅋ,정우진,21,2020-01-16T12:49:44.000Z
534,UgxipU1x8EY6TO0AG-54AaABAg,2:27 삼성 컴퓨터 호갱 아니 고객님께 감사합니다,모바일마크최신버전공유TV,5,2020-01-16T12:49:40.000Z
535,UgyUpWtORtuWqGDJl3V4AaABAg,사운드는 이온도 괜찮은거 같은데 맥북이 진짜 넘사벽...,모구리,0,2020-01-16T12:49:40.000Z
536,UgzTVDto-2sm8bFx-nF4AaABAg,방금구독함 겔럭시 북 플렉스도 리뷰해주세요,won Rad,1,2020-01-16T12:49:33.000Z
537,UgxyeqgYgRd8vOKDFRp4AaABAg,잇섭님 리뷰기다리고 있었는데 감사합니다!!! 혹시 월페이퍼는 어디꺼 사용하시나요?,concertinattic다락방 콘서트,0,2020-01-16T12:49:15.000Z
538,UgxhGzunrqzNLsvZbuh4AaABAg,삼성전자가 공장 옮기면서 노트북은 중국에서만 생산되는걸로 알아요. 휴대폰은  베트남이고요,게임플라자,0,2020-01-16T12:49:09.000Z
539,UgwFKRu9yV0LU2FCnpZ4AaABAg,이영상을 들배운놈이 좋아합니다❤️,석주원,1,2020-01-16T12:49:06.000Z
540,UgznsmTy_aAOPvP_2OF4AaABAg,그램 아니면 그냥 가성비 외국 브랜드 사는게 진리~,일상여행,0,2020-01-16T12:48:49.000Z
541,UgyjjCy7kE-nALoB6T94AaABAg,인트로는 역시 잇섭,나다,0,2020-01-16T12:48:48.000Z
542,UgxZPlFB23id1E8D2_F4AaABAg,"잇섭님! ㅠ제가 갤럭시폰을 쓰는데 
에어팟을 살까요 버즈를 살까요?
좀 알려 주세요 잇섭님 사랑합니다!
제발좀 알려주세요ㅠㅠ",Park- J,2,2020-01-16T12:48:30.000Z
543,UgzSL9BAzNv69cEbQUx4AaABAg,잇섭님 qled이거 맬 끌레드라 읽었는데 큐엘이디라 읽으면 되나요..?,kid night,0,2020-01-16T12:47:56.000Z
544,UgxwRqYlXTFKiV_3ZtJ4AaABAg,6:02 이 화면 어떻게 들어가나요?,HYEON_hynn,2,2020-01-16T12:47:43.000Z
545,Ugx2mR49_v7VbIgmuLh4AaABAg,쓰고 있는데 쿨링이 많이 신경쓰입니다ㅠㅠㅠ 그리고 21시간 사용? 그렇게 적혀있던데 배터리 꽤 빨리 닳아서 당황,서이나,0,2020-01-16T12:47:33.000Z
546,UgwfaF8votAchn6JqJZ4AaABAg,갤럭시북 플렉스: 형 난 왜빠졌어 나 잊은거야? 실망이야,서태진,0,2020-01-16T12:47:15.000Z
547,UgzL86_1jXIjeL5lt9p4AaABAg,1월에 이온 2월에 그램 .... 플랙스는 3월에..?,김병수,0,2020-01-16T12:47:15.000Z
548,UgzS4HKWBCW7y39NKVt4AaABAg,이온 사고 싶ㅍ다...... ㅜㅠㅠ,ෆ ・ᴥ・,2,2020-01-16T12:47:00.000Z
549,Ugx-_F9DCJjLIjmQGI94AaABAg,"2:01 잇섭:제가 잘못 표기했습니다.
수정: 애플처럼",나무아미타불,1,2020-01-16T12:46:59.000Z
550,UgycT52HNNqrAN3uP654AaABAg,형 lg ppl받으면 삼성 버릴꺼지??,남주현,1,2020-01-16T12:46:59.000Z
551,UgxR25MSOCdVhTQxbwl4AaABAg,전 걍 asus 나 레노버 게이밍노트북 사고 제몸이 더 힘내렵니다...ㅎㅎ,장지죠,0,2020-01-16T12:46:56.000Z
552,UgyR-5NfxIbRDp4etXR4AaABAg,패널이 왜 boe....,이성준,0,2020-01-16T12:46:53.000Z
553,UgycyOj3Kzc5vBP-QzV4AaABAg,Hyeongnim neut oue shut sup ni da,오진혁,0,2020-01-16T12:46:50.000Z
554,UgyOWxeTkOHvj8n0sGN4AaABAg,"형 나는 FLEX으로 FLEX 했지 뭐얌....
나 흑우 아니제?",게임플라자,0,2020-01-16T12:46:21.000Z
555,Ugyvojn2T8M2A2eSu_94AaABAg,"내 경우인지는 모르겠는데
오른쪽 스피커에서 히스노이즈가 좀 남",III III,1,2020-01-16T12:46:11.000Z
556,UgxsXat5zsMJEkEhclx4AaABAg,이거 맥북 권장영상맞죠? ㅋㅋㅋ,금붕어참,0,2020-01-16T12:46:10.000Z
557,UgzuGCN83SueFXn6tfF4AaABAg,여러모로 밀리는거네.,나인수,0,2020-01-16T12:46:01.000Z
558,UgxgDeZ_h1t7Yct5EWZ4AaABAg,ㅋㅋㅋㅋㅋㅋ 언에듀ㅋㅋㅋㅋㅋㅋㅋㅋ,핑크명상.,1,2020-01-16T12:46:00.000Z
559,Ugz_TRZ4VEvnc3B5YP94AaABAg,샷건테스트 기대했는데.....,깅세,1,2020-01-16T12:45:50.000Z
560,Ugyzlb_vvR-TYezIY4t4AaABAg,키패드에 올려서 무선충전 뭔가 설정을 해야하나요?? 플렉스삿는데 무선충전이 안됫... 플랙스도 리뷰해주세요 개인적으로 매우 만족중입니다 ㅎㅎㅎ,그냥사람,0,2020-01-16T12:45:39.000Z
561,Ugzg8lwHsbaVtEuqSZF4AaABAg,형 k590갈축 리뷰해줘,j iralhane,0,2020-01-16T12:44:48.000Z
562,UgxmV5_VTjk7p5dBFMx4AaABAg,"인트로 보니... 형, 랩한번하는거 어뗘?",어린선비,0,2020-01-16T12:44:33.000Z
563,Ugxzh5mIDHYehDY1Zn94AaABAg,나무 가지마냥 이것저것 라인업 막만드네 진짜,John Clayton,0,2020-01-16T12:43:45.000Z
564,UgySNbSbyb8d0OSBsHN4AaABAg,형 갤럭시북플렉스는 리뷰 안해줄꺼지?? ㅠㅠ,김영욱,0,2020-01-16T12:43:21.000Z
565,UgxtoeCNIiB3NluXuSh4AaABAg,형님... 맥북이랑 삼성을 비교하면 어떻게 합니까....,Lim재민,0,2020-01-16T12:43:20.000Z
566,UgxEg0RzseiySTmReR14AaABAg,0:01뿔렉스 할거면 갤럭시북 쁠렉스도 쁠렉스해서 리뷰 해줘 형,잇섭의스팅어,0,2020-01-16T12:43:18.000Z
567,Ugxdi1FwRA7PkKAYe2x4AaABAg,언에듀케IT티드 키드,OneDrop l Blind Sound,0,2020-01-16T12:42:51.000Z
568,UgxdDsvXWH6_khzV8I14AaABAg,맥프로 사운드가 씹어먹네요...아직은 맥프로 사운드 잡으려면 멀어보여요...너무 큰차이가..ㅎ,쭈댕,1,2020-01-16T12:42:50.000Z
569,UgwMUpEp7XXycYPsjsN4AaABAg,이것저것 써봤는데 개인적으로 노트북은 MacBook 이 가장 좋은거같아요,Yuna,0,2020-01-16T12:42:45.000Z
570,UgwbD6IR1dsQO-kxfnN4AaABAg,"잇섭 티 판매 후 : 팬이 잃어버린 티셔츠를 잇섭이 발견했다.
 옆사람 曰: 이거 누구 티죠?
잇섭: 제 팬 티 입니다^^",김동건,2,2020-01-16T12:42:45.000Z
571,UgwZwRVZOJjQxLWlvjx4AaABAg,갤럭시 북 이온이 배터리가 많이 아쉽네요.....,ST에스티,0,2020-01-16T12:42:35.000Z
572,UgyJhoNUWVXZvcG7Zdt4AaABAg,이온X,Black YT,1,2020-01-16T12:42:32.000Z
573,UgzHSk1DjX-wU83w04p4AaABAg,형 다음인트로는 포장지 대신에 리뷰탬을 던지면 재미있을거 같아,Entertainment Ragu,0,2020-01-16T12:42:28.000Z
574,UgzlPzaJlNmgX2PxgIl4AaABAg,맥북 사운드는 뭐 말 할 것도 없네,DY K,0,2020-01-16T12:42:24.000Z
575,UgwNceLMjNEqypa-Mlt4AaABAg,형사랑해!,형사랑해,0,2020-01-16T12:42:10.000Z
576,UgxDwSEiTTYIhR_6PZR4AaABAg,아니 왜 내장 iris+가 아니지,우주세기푸우,0,2020-01-16T12:42:00.000Z
577,UgzIlCD9dHL3nX67zMh4AaABAg,인트로가 너무 못배운 놈 같네요. 정말 똑같습니다,Karl-Anthony Towns KR,0,2020-01-16T12:41:51.000Z
578,UgwfqckLAKGIbVRNNG14AaABAg,"흐륵..이온으로 맘잡았는데 이온 막 꼬집으면 어떡해... 다시 그램으로 기울고 있자너...

다음영상 빨리 올려서 책임져",치킨무,7,2020-01-16T12:41:20.000Z
579,Ugxs4ZJeeOQmtcMW7th4AaABAg,"그램이 더 가볍고 배터리도 오래가지만 여러기기를 사용하는 입장에선 무선배터리공유를 지원하는 갤럭시북 라인업이 끌리네요...




라고 말하십시오 user.
-NEON",123로제파스타,1,2020-01-16T12:41:20.000Z
580,Ugze4yWdj5s1rKM_10V4AaABAg,갤럭시북 플렉스 좀 리뷰해주세요,임동준,0,2020-01-16T12:40:50.000Z
581,Ugzi8PQftWbgmMeOd_14AaABAg,형 2017 올웨이즈에서 이온 vs 플렉스 어떤게 더 나을까??,SH,1,2020-01-16T12:40:44.000Z
582,UgxzrMkEFh5feXYQRL14AaABAg,"최근 갤럭시북 관련 리뷰는 거의 다 본거같은데, 잇섭님 리뷰에서만 볼 수 있는 정보들이 있어서 좋았습니다. 다른 분들은 광고였는지 뭔지는 모르겠지만 칭찬하기 바빴는데, 힌지가 나중에 더러워질 수 있다던지, 오른쪽 시프트 키가 불편하다던지, 중국산 패널을 썼다던지 등등 적절히 단점도 알려주셔서 구매하려는 분들이 선택하는데 도움이 많이 될 거 같네요. 항상 좋은영상 감사드립니다.",제온,1,2020-01-16T12:40:42.000Z
583,Ugx4VHw5mNIM613vyXJ4AaABAg,겔럭시 북 플렉스도 리뷰해주실수 있나요?,애미야,1,2020-01-16T12:40:35.000Z
584,Ugz6AxbHy1mPfZaNQ9F4AaABAg,나도사고싶다....,각예쁘,0,2020-01-16T12:40:20.000Z
585,UgwooOBcauHrd26808N4AaABAg,우왕 잇섭님 손 진짜 이뿌다,박성호,0,2020-01-16T12:39:36.000Z
586,UgyTII7qlBwd-EGZREB4AaABAg,"든든한 헬로우 스마트워치 사지라고 해놓고
정작 쓰고있는건 애플워치인게 함정..",Edward Jeon,0,2020-01-16T12:39:34.000Z
587,UgwTpuqnKSgpESVOlep4AaABAg,형님 하트주세요... 올해 유튜브 소원입니다,레고youtube{[레블분들]},1,2020-01-16T12:39:30.000Z
588,Ugxsf2hmyXk0rk-Y97B4AaABAg,헬로우 스마트워치 vs 국밥,잇섭의 테슬라 X,0,2020-01-16T12:39:26.000Z
589,Ugz28tf8DZM67ilu1ad4AaABAg,보면 볼수록 결국 그램,이예찬,0,2020-01-16T12:39:20.000Z
590,UgzfpLEGNBEf9IF-qd54AaABAg,기본 마우스는 왜 리뷰 안 해줘 ㅋㅋㅋ????,Bright P,8,2020-01-16T12:38:59.000Z
591,Ugz_hgSCpnbYAUljd4x4AaABAg,삼섬갤럭시a30언빡싱해주세요,하현우,0,2020-01-16T12:38:43.000Z
592,UgxhdfGvnsmNuIK7Uph4AaABAg,"이번에 대학 들어가는 새내기에게 갤럭시 펜s, flex, 이온, 신상 그램 중에 쓰기 좋은거 비교하면서 추천해주세요!!",라세,0,2020-01-16T12:38:30.000Z
593,Ugy2ZMOco8mZjwLPEtN4AaABAg,형 고정당하는게 내꿈이야 !! 제발 고정해줘,정은우,0,2020-01-16T12:38:21.000Z
594,UgwQypC4OOgf7YQ5jTh4AaABAg,어허~~ 벌써 신학기 시즌이 다가왔구만... 나이도 한살 먹... ㅠㅠ,1 2,0,2020-01-16T12:38:10.000Z
595,UgwfvbrYYgf68rC81bh4AaABAg,"7:46 D..........DDR......???




어우 음란마귀 ㅅㅂ",ᄎᄃᄒ,0,2020-01-16T12:37:57.000Z
596,Ugwne6IQdt5grahGOSB4AaABAg,6:58 저거는 노트북을 열면 자동으로 켜지는 기능이 있어서 딱히 상관은 없을 것 같은데...,이재영,8,2020-01-16T12:37:41.000Z
597,Ugw7vcO8eF-I0vELaTh4AaABAg,"여기가 그





어디지...?",승엽,0,2020-01-16T12:36:55.000Z
598,UgzdRDFNrrJbNuH1Twl4AaABAg,형 신학기 고등학생용 노트북 하나 추천좀 해주세용,ᄏᄏ,0,2020-01-16T12:36:41.000Z
599,Ugxd6dpL373PD0puOYF4AaABAg,가격차가 있는데 맥북프로랑 비교를 ㄷㄷ,cly,0,2020-01-16T12:36:39.000Z
600,UgwpJ981dHvK1o-Qpqh4AaABAg,역시나 잇섭님은 애플빠임 ㅋㅋㅋ,dave sohn,16,2020-01-16T12:36:36.000Z
601,UgySmum-xNRo5Gng6754AaABAg,드디어,장강,0,2020-01-16T12:36:30.000Z
602,UgxdUddX6pWYMrn1IyF4AaABAg,확실히 대학 다니는 사촌을 봐도 무조건 가벼운걸 찾더라구요... 예전에는 가방에 넣어서 아주 무거운거 아니면 무게가 그렇게 중요하않았는데 요즘은 그냥 진짜 무슨 책한권들고 다니는것처럼 들고다니더라구요.. 그러니 가벼운걸 찾을수밖에... 노트북에 마우스까지 넣어준걸보면 LG그램을 따라잡고 싶은느낌이 확....,전현철,1,2020-01-16T12:36:14.000Z
603,Ugwg3_Q5GfGOgyb7wVx4AaABAg,레이저 코어 연결해서 게임해줘ㅓ,브금술사,0,2020-01-16T12:36:06.000Z
604,UgxbmiuXUFkUkm6bvZJ4AaABAg,"구입한지 2주넘었는데
확실히 팬이 자주돌아가요
소음도 듣기거북한건 아니지만
도서관같이 조용한곳에서 사용하기엔
눈치보이는 정도구요.",하현욱,2,2020-01-16T12:35:59.000Z
605,UgzFN3SE-NPANKEpG2F4AaABAg,"노트북 고민중인데...






감사합니다",명재호,0,2020-01-16T12:35:57.000Z
606,UgxqguQzgmQabg4GXHR4AaABAg,"형 영상 화면비율 몇대몇으로 쓰셔요??
아이폰xs로 보는데 노치 아래까지 딱 화면이라 넘 좋아요 ㅋㅋ",hhyzzx,0,2020-01-16T12:35:37.000Z
607,UgxLP1kYC7U-iHx_NqN4AaABAg,형 이 댓글 고정하면 1주일 안에 여친생겨,쩡이와쭌이의 일상 VLOG,1,2020-01-16T12:35:17.000Z
608,UgxwzuQY6Es1_3oXIsJ4AaABAg,"잇섭을 보는데 영상을 봤어~
영상 대신에 인트로만 봤어~",장정규,0,2020-01-16T12:35:07.000Z
609,UgzoLDCTfaUFtPK8eAV4AaABAg,스피커 괜찮은거같은데? 하다가 맥북꺼 듣고오니깐 갑자기 빈약하게 들리네ㅋㅋㅋㅋ,박박박박박,0,2020-01-16T12:34:58.000Z
610,UgwdFrHWkpOml084vLh4AaABAg,"여기가 인트로 맛집이라는 데인가요?
인트로가 너무 웃곀ㅋㅋ",투비는차카야,0,2020-01-16T12:34:52.000Z
611,UgzpgYXTYTlUCWh7LbR4AaABAg,"이온 사서 2주일째 쓰고있는데
아주 가볍고 렉도 덜걸리고 화면좋아서
유툽영상볼때 눈이 즐겁습니다요 ㅎㅎ
게임도 무리없이 돌아가서 좋아요
그램보다 이걸 추천합니다!!",하늘,5,2020-01-16T12:34:44.000Z
612,UgzILuW-n6eVqJbcP2t4AaABAg,0:01flex hanen dae yeebakeul ssat A?,tpr tm,1,2020-01-16T12:34:39.000Z
613,UgzjVL1Uf3ErSEphb9R4AaABAg,곧 120만명 되겟당 미리 축하드려용,전서윤,0,2020-01-16T12:34:31.000Z
614,Ugw-cLS8sjrI8QIvSH94AaABAg,형 나 형땜에 몰폰중이야 고마워!! 댓글도 좀 부탁......,111걍하삼,1,2020-01-16T12:34:31.000Z
615,Ugx0dErUV5osi3RsSax4AaABAg,형 플렉스는 안다니ㅏ..,불란서감성,0,2020-01-16T12:34:28.000Z
616,Ugw9VGXpheag5cg-lR94AaABAg,이온으로 메이플이나 롤같은 거도 돌려봐여,살찐드록바,0,2020-01-16T12:34:17.000Z
617,UgzAUcchQb_tuK58RnR4AaABAg,형 맥북에어도 ㅠㅠ,전민기,1,2020-01-16T12:34:12.000Z
618,Ugwzcet2EHKeMQPdngZ4AaABAg,형 흑우야?,이도엽,0,2020-01-16T12:34:05.000Z
619,UgxmIT3BxqcVFijcV3t4AaABAg,왜 알람이 안 오지,쿤티,1,2020-01-16T12:34:01.000Z
620,Ugx0tWCiapga4m7U8V94AaABAg,지문인식땜에 쉬프트 사이즈 줄어든거 ㄹㅇ 개극혐이다,Jack Jung,1,2020-01-16T12:33:41.000Z
621,UgzXnHSdzb-2aXhLev94AaABAg,잇섭님이 생각하는 최고의 노트북은 뭔가여어?,바쉬 바쉬,4,2020-01-16T12:33:33.000Z
622,UgwnzacvFKqaBN_Y8iR4AaABAg,해주셔서 감사함돠 ^^~~,요인스,0,2020-01-16T12:33:28.000Z
623,UgyGDF7jw03LE9TdwNx4AaABAg,0:00 119 Remix - Uneducated Itsub,Trap is Scott,2,2020-01-16T12:33:22.000Z
624,UgyatK0K_MOs1-iERWF4AaABAg,아이뮤즈 제품 중에 '아이뮤즈 스톰북15'라고 가성비 좋은 노트북 있던 데 리뷰 가능한가요?,앤디,1,2020-01-16T12:33:21.000Z
625,Ugy8kLBsaNUmo__E_Vd4AaABAg,힌지지렸짘ㅋ,노은찬,1,2020-01-16T12:33:17.000Z
626,UgzwLkEo94qZodmf6614AaABAg,3월은 맥북이지???,율리우스,0,2020-01-16T12:33:08.000Z
627,UgwWs23ibE6zjeyXEqt4AaABAg,그램이랑 이온... 곧 살생각이었는데 신학기 이벵도 있었군요ㅠㅠㅠ 리뷰 기다리면서 2월까지 천천히 고민해야겠네요 감사합니다,애몽,0,2020-01-16T12:33:04.000Z
628,UgxbIRQdkrsPtV5HAb94AaABAg,"출시될지는 모르겠습니다만, 서피스 듀오/네오 출시되면 리뷰해주세요!",cozyplanes,0,2020-01-16T12:33:03.000Z
629,UgwyZI1HUVAanAI5N0Z4AaABAg,솔직히 노트북중에서 스피커는 맥북이 깡패이긴하네,차재혁,0,2020-01-16T12:33:03.000Z
630,Ugx3fpvh3gyacTCpZul4AaABAg,최대한 요즘 사람처럼 보이려고 랩을 하지만 역효과가 생겼다...,오마이총각김치,0,2020-01-16T12:32:59.000Z
631,UgyBUe1uAHvDCOTpVMB4AaABAg,"와 맥북스피커가 대단하네 
갤럭시북이온 상대도 못하네 ㅎㄷㄷㄷㄷ",조성훈,0,2020-01-16T12:32:50.000Z
632,UgyYPTK2rvpq5w6kt6l4AaABAg,형 이걸로 피온4가능?,ITZY_Aviation_kr _,0,2020-01-16T12:32:48.000Z
633,UgwnXtrPqUPjs7wuTn94AaABAg,솔직히 너무 비싼거 같아요 ㅠㅠㅠㅠ (서피스북3 나오면 리뷰해줄꺼죠? ㅎㅎ),cozyplanes,0,2020-01-16T12:32:25.000Z
634,Ugy1VmwJr8b-GpvbtZh4AaABAg,왜 s10시리즈 안드로이드 10 업데이트를 아무도 안알려준거죠ㅠㅠㅠ,신대환,1,2020-01-16T12:32:11.000Z
635,UgzvCyZTWNxXp7dck-54AaABAg,이온은 패스,JJJ JJJ,0,2020-01-16T12:31:45.000Z
636,UgwPFV-9O2tlmr6omNF4AaABAg,맥북프로 미쳤다 ㅠㅠ13인치로라도 사고싶다....,정시후,0,2020-01-16T12:31:37.000Z
637,UgwkXponj-adQnJSHkd4AaABAg,지르고 싶다아앙 ㅠㅠㅠ,탱,1,2020-01-16T12:31:20.000Z
638,Ugz5gXiSP1OaXjSyyZZ4AaABAg,사운드가 다했네요 맥프로16,Petitcochon,0,2020-01-16T12:31:18.000Z
639,UgycdbKHX9ja5wrLstB4AaABAg,펜이 빨리 돌면 cpu에 전압 다이어트를 하면 되지 않나요. 제가 젠북써서 다운볼팅 충이 되버렸어요,김서준,0,2020-01-16T12:31:16.000Z
640,UgzKp335rhAKVoNNftt4AaABAg,노트북을  왜?사??? 그럴빠엔 뜨끈한국밥 든든~~~하게 먹고말지 ㅋㅋㅋㅋㅋ,정재훈,0,2020-01-16T12:31:06.000Z
641,UgwEPwN05wcn0kfmf_J4AaABAg,형 FLEX리뷰도 해줘요,웅치치,0,2020-01-16T12:30:50.000Z
642,UgyyMnERUFN3cBtk-Px4AaABAg,오늘도 안녕하세요 서울 세k@king형,크크티비,0,2020-01-16T12:30:34.000Z
643,UgyBttLGfLycw7bW74h4AaABAg,"*잇섭형 이제 박력있게 박스만 던지 말고*

*상남자처럼 본체도 같이 던지자*",신희준,2,2020-01-16T12:30:10.000Z
644,Ugwbk1Ns-7XJuqDd7Kd4AaABAg,2:43 반육십의 일침,BLACKSub흑섭,140,2020-01-16T12:30:05.000Z
645,Ugy4rs4zNAbVw717qkN4AaABAg,"학생이 쓰기에는 최저사양의 플렉스가 더 좋지않을까요? ㅎㅎ 펜으로 필기도 할 수 있고 가격도 저렴하구여!
제가 플렉스 최소사양을 사서...ㅋㅋㅋㅋㅋ",이다운,0,2020-01-16T12:30:02.000Z
646,UgwDX5lksq-GKjRgdlJ4AaABAg,카트 할때도 텐키를 쓰면 더욱 편아고 좋죠ㅎㅎ,최동근,0,2020-01-16T12:29:58.000Z
647,Ugxtt6s5C9IXpNijLKR4AaABAg,2:14 ㅋㅋㅋㅋㅋㅋㅋㅋㅋㅋㅋㅋ 표정,성하,3,2020-01-16T12:29:54.000Z
648,UgxMDloDnjBsmx9svAp4AaABAg,"돈까스:오.. 이 국밥충 은 물건이에요
기대하고 있으니까 서서 볼게요....",잇섭오른손,0,2020-01-16T12:29:46.000Z
649,UgxOTY4S2nmYl6V1y6p4AaABAg,"1분12초
형 1번째가아니라 11번째인거아니에요?",안뇽,0,2020-01-16T12:29:44.000Z
650,UgzaCBKOvqsbKyjgZHx4AaABAg,맥북 스피커가 ㄹㅇ 넘사벽이네,조영민,0,2020-01-16T12:29:35.000Z
651,Ugwq5OdF-oAuyajnk2Z4AaABAg,갤럭시 북 플렉스 VS 갤럭시 북 이온 VS 갤럭시 북S VS LG 그램 VS 맥북 비교영상 부탁이예요~ㅋㅋㅋ,백승아,0,2020-01-16T12:29:24.000Z
652,Ugzi8iZVcDMKnhW7I3t4AaABAg,형 밑에 박스는 언제 던저 줄수 잇엉...?,전서윤,0,2020-01-16T12:29:04.000Z
653,UgzJNQZDS5NgyT3DGRJ4AaABAg,"삼성:요번에는 학생들을 위한 갤럭시북이온을 소개합니다
학생들:와ㅏㅏ오ㆍㅏㅏㅏ
삼성:가격은 2400000원밖에안합니다!!
학생들:..?",Capella16,11,2020-01-16T12:29:03.000Z
654,UgwzQcNEpzad6G3bBkp4AaABAg,마닉 x70 리뷰좀...,배틀M,1,2020-01-16T12:29:02.000Z
655,Ugyv4kxW9AryBCsMUTB4AaABAg,0:05 든든한 국밥이 아니라니.!,OTOXMAHO,0,2020-01-16T12:28:58.000Z
656,UgwjnTGHfFUSXMNVwl14AaABAg,제가 제일 좋아하는 노트북...이 아닌 잇섭님,야옹츄츄,0,2020-01-16T12:28:46.000Z
657,UgxZuDBGJUCbZFh0jj94AaABAg,영상 화면크기 바꿨지 형?,배태환,1,2020-01-16T12:28:43.000Z
658,UgzDgVemENH1cbZ4iFx4AaABAg,하이요ㅕㅁ,남자,1,2020-01-16T12:28:39.000Z
659,Ugwa_mozvf49bbVOZPd4AaABAg,잇섭님 채널은 영상에 댓글 달면 답글이 오는 채널이에여!요즘 잇섭님 답글받는게 취미에여!ㅋㅋ,바쉬 바쉬,4,2020-01-16T12:28:25.000Z
660,UgxZMMNI40v6NO48O2V4AaABAg,"삼성 노트북의 문제점
스피커가 장난감 스피커 같음
그에 비해 엘지 애플은 아주 웅장함",악덕그램,0,2020-01-16T12:28:03.000Z
661,UgxUoCZSwQsZjmyRE0l4AaABAg,저 값에 낼거면 QHD는 해줘야지 아이고....,ミヤザワ村長,1,2020-01-16T12:28:02.000Z
662,UgyjCoSeDWN4t014m314AaABAg,ㅋㅋㅋ맥북프로랑 스피커 비교하시면 너무 양학아닙니까 ㅋㅋㅋㅋㅋㅋ,크리스TV,46,2020-01-16T12:27:55.000Z
663,UgxLGn4iPfdIaWfZf6d4AaABAg,초대형 보조배터리 리뷰인가?,강현우,1,2020-01-16T12:27:55.000Z
664,Ugx03sTIkqCnkf0k3YB4AaABAg,2:13  박스던지는 기술이 늘었다,삼위일체,0,2020-01-16T12:27:54.000Z
665,UgzE4Mz5WVFwk_cWgBh4AaABAg,패널을 BOE...? 그 하웨이 메이트X의 패널을 만든 회사.,K- YOLO!,0,2020-01-16T12:27:51.000Z
666,UgyWhewTGbbNWLFMZP94AaABAg,"맥북 사운드는 진짜....미쳤네요...
애플 이녀석들....스피커랑 음향은 잘만들어....",말하기 전에생각했나요?,17,2020-01-16T12:27:50.000Z
667,UgwSEl6R_WUcmEq5GGh4AaABAg,맥북이랑 비교하면 두둥탁,설태연,0,2020-01-16T12:27:46.000Z
668,UgyTKUm9a8JbKfs8J994AaABAg,음질은 맥북못따라가는구나..,ko rl,0,2020-01-16T12:27:32.000Z
669,UgySNYwfsp2HO3Rwc_V4AaABAg,40만원으로 태블릿을 살까요? 노트북을 살까요?,강울프,1,2020-01-16T12:27:32.000Z
670,UgwUQRjbD4Xo7kN6KMl4AaABAg,"스피커 테스트 할때 노래이름 뭐에여?
많이 들어봤는데 이름을 몰라서ㅎㅎ
영상은 재밌게 잘 봤습니다!",최검사,0,2020-01-16T12:27:20.000Z
671,UgylCWWrbgdYn9U-VCd4AaABAg,"형 FLEX와 이온을 동시에 비교해서 FLEX 해야지 ㄹㅇ 흑우임

아 그리고 아테네 프로젝트는 어디갔어?",박민수,0,2020-01-16T12:27:20.000Z
672,UgwOSFsRkKB5_Jplr7N4AaABAg,boe?,승훈 정,0,2020-01-16T12:27:15.000Z
673,UgxSqDqB7p2TiYNyLUJ4AaABAg,이온이랑 쁠렉스 중에 뭐 사야 되나...,정세윤,0,2020-01-16T12:27:15.000Z
674,Ugz9PngGcgjjY7sdWFJ4AaABAg,사운드에서 쪼그라들었다...,다람쥐유치원,0,2020-01-16T12:27:03.000Z
675,Ugx05IfP73nkZInfkC54AaABAg,잇섭님은 국밥충님 비즈니스 파트너라는게 학계의 정설.,소악마TV,1,2020-01-16T12:26:59.000Z
676,Ugy9V6NPb7JM5AL7Ib54AaABAg,베트남에 있는데 온통 오토바이뿐이다... 베트남갈돈으로 스마트워치를...읍읍....,itsub잇섭팬,1,2020-01-16T12:26:25.000Z
677,Ugy1dadvehKf6Tj1-EJ4AaABAg,잇하아아아아잇!!!,Trouble*Player,0,2020-01-16T12:26:13.000Z
678,UgzJPV5ml_Obxi3-jcd4AaABAg,2:13 형 박스 던진것 중에 재일 신나보였서,디나,1,2020-01-16T12:26:12.000Z
679,UgzvO_ctghTGDNha_914AaABAg,형 영상 보다가 비데 물이 너무 뜨거워서 폰을 던져버렸네요,전지호,1,2020-01-16T12:26:05.000Z
680,UgwDhC-zh_Q8sbn4Y994AaABAg,잇섭님 안녕하세요,안상빈,0,2020-01-16T12:26:01.000Z
681,UgyInM_PkD22zv7CV9Z4AaABAg,이온 진짜 예쁘네요ㅠㅠ 색도 예쁘고 힌지도 부분적으로 파란색 포인트도 넣으니까 너무 예뻐요ㅎㅎ 잇섭님 집에는 전자기기 천국일 것 같아요ㅠㅠ 완전 부러워요!! 이번 영상도 잘 보고가요!!!ㅎㅎ,흰둥X크림,5,2020-01-16T12:26:00.000Z
682,UgxXtHv6VAi7spyziPx4AaABAg,"근데 기본옵션만 한다면 갤럭시북도 괜찮음
왜냐 얇고 가벼우니까 내개인적인 생각임 ㅋ",조성훈,0,2020-01-16T12:25:51.000Z
683,UgyHllLvXn3pX1App_F4AaABAg,플랙스는 리뷰 안하시나요???,최준영,0,2020-01-16T12:25:46.000Z
684,UgxRNjxRVHDgCeRandJ4AaABAg,"""야 잇섭""

""왜 박스를 던지는거야""

""소난다""

""좋아요 누를게.""",RASON 47,1,2020-01-16T12:25:44.000Z
685,Ugy8yzGlIRTRTp3Kgfd4AaABAg,스피커품질 너무 떨어지는듯,개이득,1,2020-01-16T12:25:42.000Z
686,UgzPyzYD9XEhcH4D9ih4AaABAg,이온 사려다가 친구가 마그네슘은 영양제에나 들어가는 것이라면서 꼬시더군요... 그 어이없는 논리에 설득당해 플렉스를 구매 했습니다.....,잇섭의파란장갑,181,2020-01-16T12:25:41.000Z
687,UgzxyDkFgR7reQEAkxd4AaABAg,형 설마 화이트 덕후라 플렉스는 안산건아니지?,MIN SEO,0,2020-01-16T12:25:22.000Z
688,Ugw95bZxCVCGN85ZT8h4AaABAg,.......헬로우? 잇섭?,건빵,1,2020-01-16T12:25:00.000Z
689,UgyMdoIbBIcDxOEv7Ad4AaABAg,나도 신학기이서 아빠가 갤럭시북이온 사줬는데 아주 아주 FLEX함 아주 굿굿굿,조성훈,0,2020-01-16T12:24:45.000Z
690,UgwcQbdBMXy87_Xhvd54AaABAg,아테나 프로젝트 애들은 배터리 타임이 길어서 탐나드라구여,파랑불꽃,0,2020-01-16T12:24:44.000Z
691,Ugw6L1zv_de-_Ak9VrV4AaABAg,역시 플렉스는 애플이지욬ㅋㅋㅋ,든어택 쉽잖아?서,0,2020-01-16T12:24:27.000Z
692,UgzNK0zh9b0dSmw873R4AaABAg,2:13 (해맑),노는게 제일좋은성규씨,4,2020-01-16T12:24:08.000Z
693,UgwV7yQfv0YEeCdilZd4AaABAg,솔직히 삼성 이온을 왜사냐 그럴 바에 삼성 본사 앞에 파는 이온음료 하나 먹고 말지,lshong1013 a,1,2020-01-16T12:23:59.000Z
694,UgyTeg3spyh2eX_ypKd4AaABAg,"0:00 FLEX Haneunde Doneul Da Sseoteo?

0:01 Notebook Hana-e E-baegeul...
0:03 Charari Ion Sago Geudoneuro
0:05 Deundeun-han Haylou Smartwatch Saji",Ekleaz IT,0,2020-01-16T12:23:57.000Z
695,Ugz40bMgW0PUK53Kjit4AaABAg,잘던진다,미친티모,0,2020-01-16T12:23:49.000Z
696,UgyPVvj3RTajwksVaYV4AaABAg,노트북 분해기는 찍으니깐 신박하기 마우스 분해하시죠,대롱 대롱,3,2020-01-16T12:23:46.000Z
697,UgzeLKpR1p_s24uSQ5x4AaABAg,잇하,타나트,0,2020-01-16T12:23:42.000Z
698,UgzwzCVXuLQZYTa-8Nd4AaABAg,오늘은 아웃트로가 진지하넹....(시무룩),이이이이잉앗살라말라이쿰,1,2020-01-16T12:23:33.000Z
699,UgzfpVwu-Fp830clEsZ4AaABAg,잇섭님!그램 사고 리뷰해주실꺼죠오?,바쉬 바쉬,1,2020-01-16T12:23:30.000Z
700,UgyRbPzA2FqRsrqStiF4AaABAg,LEGENO,동혁,0,2020-01-16T12:23:11.000Z
701,UgwZFaA7TqozSpUoVUd4AaABAg,스무살이니까 이거사야지 메...모,이태형,0,2020-01-16T12:23:11.000Z
702,Ugxq4V6ZdZIi70728fF4AaABAg,이번에 십만 찍어서 실버버튼 받고싶은데 잇섭님은 십만 달성하시고 얼마뒤에 실버버튼 받기 알림 뜨셨나요,Revinen,0,2020-01-16T12:22:59.000Z
703,UgwsNJhsGINoDDKJqrB4AaABAg,이 노트북 언제 리뷰하나 기다렸는데 드디어 해주시네,하얀진심,0,2020-01-16T12:22:58.000Z
704,Ugxj7D-s-y2Dg0GFiIR4AaABAg,ㅋㅋㅋㅋㅋㅋㅋㅋ 형님.... 국밥을....ㅠㅠ,두부두부둡,0,2020-01-16T12:22:55.000Z
705,Ugzw0wla7mis7xnof554AaABAg,못사도 잇섭님영상보면 항상 대리만족이되요!,바쉬 바쉬,1,2020-01-16T12:22:53.000Z
706,Ugy-1sO0OMqpgxU4wvV4AaABAg,3:20 콩순이북 이온?,Fort una,4,2020-01-16T12:22:43.000Z
707,UgxJzOhkX5P5uKnM7Ap4AaABAg,그돈으로 줄질하자,민수김,0,2020-01-16T12:22:31.000Z
708,UgwkwtaX5JHOFeVDXBJ4AaABAg,"노트북9 올웨이즈 2019 사는 흑우가 여기있네
(하트달아주세ㅇ..)","먼지인 • 1,000년 전",1,2020-01-16T12:22:13.000Z
709,Ugx6NRwSDTKxeCZ5WyB4AaABAg,750이 댓글달면 이상한말(?)해즈세여 잇섭님!,토빨이,0,2020-01-16T12:22:13.000Z
710,UgzJteR2_bdJ_vUK2qN4AaABAg,잇섭형 사랑해요❤ 영상 잘보고있어요❤❤,바닥BADAK,4,2020-01-16T12:22:13.000Z
711,Ugyo12Aj-jDwRUIvhKR4AaABAg,옛날의 골드스타가 아니군요! ㅋㅋㅋ 너무 아재인감... ㅋㅋㅋㅋ 😊😊,치빡이TV,4,2020-01-16T12:22:09.000Z
712,UgzIgZ2IKkssQKr0TVF4AaABAg,ㅋㅋㅎㅋㅎㅋㅋㅋㅎㅋㅎㅋㅎㅋㅎ,이이이이잉앗살라말라이쿰,0,2020-01-16T12:22:09.000Z
713,UgwngTvcSPseQ0kFo414AaABAg,가능하시면 갤럭시 북 플랙스도 플레ㄱ스해주세여,film bundel,0,2020-01-16T12:22:06.000Z
714,UgyEp_bB2wyEV_lvKNZ4AaABAg,스마트폰에는 UFS슬롯 언제 추가해 줄까요?,- [PAMGP]-,5,2020-01-16T12:21:27.000Z
715,UgwO3w3oagsFx0j1tEB4AaABAg,이제 노트북에도 세계최초네,브루니,0,2020-01-16T12:21:19.000Z
716,Ugyv6NvQi0k82DcV6Hp4AaABAg,00:06이러면서 맨날 FLEX 해버리는 잇섭,KorJoKer Youtube,13,2020-01-16T12:21:16.000Z
717,UgyeVFMBZ8dUBdj1C9N4AaABAg,삼성은 ㄹㅇ 애플 비닐포장 배워야함,유준혁,1,2020-01-16T12:21:07.000Z
718,UgyH1NsVk9vpK2Zy_0p4AaABAg,색 너무 좋당,김성하,1,2020-01-16T12:20:53.000Z
719,UgxH5e6naqopAnpBMVl4AaABAg,노트10 해체쇼 보고있었는데  알람떠서 바로 달려옴 ㅋㅋㅋㅋ,테리로,1,2020-01-16T12:20:26.000Z
720,Ugyp2g7pDSqaQtpvzFl4AaABAg,확실히 스피커는 별로네요ㅠ,롸롸롸롸,5,2020-01-16T12:20:14.000Z
721,Ugx34GbqRpU8PwHdSIx4AaABAg,갤럭시북 flex는 왜 flex 안해 형?ㅋㅋㅋ,giho jun,1,2020-01-16T12:20:07.000Z
722,UgyXnOhi4lj5h9Z0tjd4AaABAg,"0:0! Flex 하나에 돈을 다썻어? 명품이 나의 가치를매겨? 명품이 나의 가치를 매겨  내가 옛날에 백화점에 가면 ** 날 노숙자 보듯이 봤어?

-원곡:119remix 언에듀파트-",밤엔,0,2020-01-16T12:20:07.000Z
723,UgxwtgSsuxmMSuINnA54AaABAg,"오늘도 좋은소식감사합니다 
잇섭님 영상잘보고가요",한국스나?,0,2020-01-16T12:19:54.000Z
724,UgxccnxQA7zocU-ZJFJ4AaABAg,드디어 리뷰 해주는구나 형 보고싶었어 ㅠㅠ,장강,8,2020-01-16T12:19:47.000Z
725,UgyOznCARBFoE4MwXbd4AaABAg,폴드는 스마트폰인데 240!!! 어! 그돈이면 뜨뜻한 국밥...읍읍,잇슐랭 ITchelin,0,2020-01-16T12:19:46.000Z
726,UgyGqvfRzRB29qVWrpp4AaABAg,그렇거사도 돈이있어요?,김민재,0,2020-01-16T12:19:45.000Z
727,Ugxc-2tF-PLyPmCy69V4AaABAg,"AS는 물론 대기업이니깐 좋기는하겠지만...
저가격이면 RTX2070노트북 살수있겠다..
그리고 BOE패널... 절대!!!!!!!!안산다!!!!
이온도 가격이 200좀 넘는걸로 알고있는데...
패널이...BOE...배신당한 느낌이 확든다..",Tisho,0,2020-01-16T12:19:43.000Z
728,UgzLt42aV32EjY2Wr3h4AaABAg,대학생이 이온 들고다니면 이재용 아들이여도 과하지,JY K,0,2020-01-16T12:19:37.000Z
729,UgzuL8r9rLjaHsltU4x4AaABAg,"든든한(?) 아마존 Fire HD 10 사지








죄송합니다....",고예찬,0,2020-01-16T12:19:27.000Z
730,UgylCQhvWtEJ15rvqhh4AaABAg,형 나 정말 델이 좋은데 델xps 리뷰도 해줬으면 좋겠어,최현성,3,2020-01-16T12:19:26.000Z
731,Ugxzj5wFQ7QqNJZX8N14AaABAg,"언제나 잇섭님을 보면 FLEX를 하는게 아니라 신제품한테서 FLEX를 당하는곳 같은 기분이... 드는건..? 아, 아닌가? 그냥 흑운가?ㅋㅋㅋㅋㅋㅋㅋㅋㅋ",K AI,1,2020-01-16T12:19:25.000Z
732,Ugx2JCntKGqLM5wfha54AaABAg,아닠ㅋㅋ 맨날 박스 던져버릴거면서 외관이 예쁘면 뭐해..ㅠㅋㅋㅋㅋ,조수아,1,2020-01-16T12:19:24.000Z
733,UgyaAQY2VRKkoaWeVjV4AaABAg,FLEX하는데 돈을다썼어? 하 이제 집에돌아가면 엄마한테 등짝스메싱 각,지태수,0,2020-01-16T12:19:22.000Z
734,UgzQIZnX-M4urftg1FZ4AaABAg,솔까 핸드폰 빼고는 엘지한테 개기지 말자..,Mr. Renny,1,2020-01-16T12:19:20.000Z
735,UgyWou7UQZGJjlFEt5l4AaABAg,8:13 와;; 맥북 사운드는 진짜 지린다,박상혁,396,2020-01-16T12:19:15.000Z
736,UgzbQ6qCLg5We_8s6ml4AaABAg,광곤 지 뭔 지 모르겠지만 QLED가 아니라 QLCD입니다,이진홍,1,2020-01-16T12:19:12.000Z
737,UgzNejtZGce2tIH0U4d4AaABAg,난 돈이 업썹,핳하[무무],0,2020-01-16T12:19:11.000Z
738,UgxBckluPhpYFknJFMV4AaABAg,그램은 oled?,한병찬,0,2020-01-16T12:19:04.000Z
739,Ugyz3Bw24VLDqbOlSql4AaABAg,"노트북 언빡싱 오랜만이네 형.......
ㅋㅋㅋㅋㅋㅋ 언제나 재밌는 리뷰들 꾸준히 보고 있어!",황근욱,3,2020-01-16T12:19:01.000Z
740,UgyO91QLNE1iCNlnlMF4AaABAg,빨리왔다!!!,채곰YOUTUBE,0,2020-01-16T12:18:57.000Z
741,UgxQjluJVcMrIwPKGW14AaABAg,"벤큐 모니터도 하나 장만하자 형
리뷰도 찍고",조우찬,0,2020-01-16T12:18:53.000Z
742,UgwZzrd_ShHpM-Je29F4AaABAg,이제 박싱은 안하구나..다시 박스를 던졌..ㅇ..,돌상어,1,2020-01-16T12:18:31.000Z
743,UgzEBXl2bz7r6OnG1gR4AaABAg,난형이 OLED tv도 분해할거라고생각해,룬벌youtube,0,2020-01-16T12:18:31.000Z
744,UgxwDHxvAxIy8YXQcgd4AaABAg,해부는 언제쯤??,Sharon Lovely,0,2020-01-16T12:18:29.000Z
745,UgzxF-IMl8oV5BPdkf94AaABAg,ASUS 젠북에 400 태워노코...,Dave,0,2020-01-16T12:18:20.000Z
746,UgwvMIwjG90ZDqtoB3t4AaABAg,언에듀케이드잇섭,설태연,0,2020-01-16T12:18:15.000Z
747,UgxAIowBagA9mpQEvQZ4AaABAg,119REMIX 잇섭 벌스 미쳤다;,R _ia,0,2020-01-16T12:18:13.000Z
748,Ugxe_6Sx-5DiKEAomwZ4AaABAg,인트로 ㅋㅋ,JJ MOTOR CAR 2,0,2020-01-16T12:18:10.000Z
749,UgxNIkCJjobVAomJ-Vl4AaABAg,ㅋㅋㅋ 뜨끈한 헬로우 는 뭐꼬,잇섭팬,0,2020-01-16T12:18:10.000Z
750,UgyayR1BMmpdtaoc-K54AaABAg,형 항상 느끼는거지만 형은 인트로 장인인것 같아!!!,박상빈,0,2020-01-16T12:18:06.000Z
751,UgykNStqSvh1VhhpJ5l4AaABAg,형 이제 에어같지 않은 맥북에어도 해주는거야..?,SKULL GRAY,0,2020-01-16T12:18:04.000Z
752,UgzE4cYSAeJFnOsmF3V4AaABAg,"""야,잇섭""




(좋아요)  ""넣을게....""",지나가던 아무무장인,0,2020-01-16T12:18:01.000Z
753,Ugy0LHlJqqWEfLSXZ6h4AaABAg,이제 곧 대학교를들어가는데 노트북을 뭐로사면 좋을까요? 현재 그램 19쓰고있는데 CPU가 I3 8세대라서 만이 부족하다고느끼고있습니다 추천좀 해주세요 형,hanhs 777,0,2020-01-16T12:17:58.000Z
754,Ugye7_NjveGVJ-tg8qp4AaABAg,"형.나.진짜로 맥북프로 16인치 지르기전인데
말려줘 삼성 플렉스면 커버가능해???

영상편집 및 게임할듯한데... 근데 플렉스 그래픽카드가 좋은건지모르겟어서",떡볶이,1,2020-01-16T12:17:58.000Z
755,UgwLrTdvp3ACfs6KmBh4AaABAg,"Q.led Tv는 왜 두껍나요?
A.백라이트가있는 lcd티비이기 때문이죠.",바닥BADAK,4,2020-01-16T12:17:48.000Z
756,Ugwr76_Cq-USXt-w31N4AaABAg,QQQQQQQQQQQQQQ큐엘2디 노2북 3🏰 GALAXY 북 FUII X G렸고 🍎 북 저리 가라 나도 G름 플렉스,김형준,0,2020-01-16T12:17:44.000Z
757,UgwQBkGYl0dEscpQ4nR4AaABAg,에어팟을 바닥에 떨어뜨려서..ㅠㅠ 바.ㅂ박살이ㅠㅠㅠㅠ,pple A,1,2020-01-16T12:17:43.000Z
758,UgxJH6P4_RdrrVaQ7hZ4AaABAg,형 헬로우 스마트워치랑 국밥이랑 4배 차이야,벤츠c클래스오너,0,2020-01-16T12:17:37.000Z
759,Ugzaq3XXondqYDyaUph4AaABAg,1n년 인생 이번생일도 잇섭님 영상으로..,smile awsome!,0,2020-01-16T12:17:36.000Z
760,Ugz5VyVOGNoREzM2OHN4AaABAg,"00:01 역시 잇섭 흑우 인정장면ㅋㅋㅋ




좋아요 주세요 ㅠㅡㅠ 올려주시면 감사합니다",김현진,5,2020-01-16T12:17:31.000Z
761,UgxjZn-pQ0SjOLzru3N4AaABAg,골전도 이어폰 리뷰 해주세여,원구Game,0,2020-01-16T12:17:31.000Z
762,Ugzpl1qN9PQrStYs01B4AaABAg,인트로 5지네.....,우리형Messi,1,2020-01-16T12:17:31.000Z
763,UgyAImGQYASemN3pvV94AaABAg,"와 진짜이쁘다...
+형 근데 외장그래픽 달리면 내장보다 배터리 빨리다는거 맞지?",Araka `,0,2020-01-16T12:17:30.000Z
764,Ugwc4AneBj70cHgrWJN4AaABAg,국밥충잇섭이 돌아온줄알았네,Name No,0,2020-01-16T12:17:27.000Z
765,UgwI6QJKvqtjQy62bU54AaABAg,진짜 궁금한데 인트로 생각 걍 즉석으로 만들어요?,정태민태민,0,2020-01-16T12:17:23.000Z
766,UgwdcmeRJi9L_pLzNqF4AaABAg,오,빛의창조신호르아크티,0,2020-01-16T12:17:22.000Z
767,Ugxxf4c6UAAT71PF5a14AaABAg,역시 이온이야 근데 형... 커세어 k95는?,삼계탕,0,2020-01-16T12:17:21.000Z
768,Ugy3EOkFH6Kx-6uzkPd4AaABAg,잉~~~~~~~~~~앗살라말라이쿰,변한석,0,2020-01-16T12:17:20.000Z
769,Ugx2aidWe9_DgcYPxxJ4AaABAg,"사각사각 각지게 생긴게 분해하기 좋게생겼네용
그쵸 잇섭님?",의사양반,32,2020-01-16T12:17:19.000Z
770,UgxxA9mSyDHuWHmjsu94AaABAg,"결론 0:01~ 0:09
모두 2만원대 헬로우 스마트워치를 사놓도록 하자.",Carin _,11,2020-01-16T12:17:18.000Z
771,UgylA1Zwn91EFO5EEqx4AaABAg,언에듘ㅋㅋㅋ 119 리믹스 벌스릍ㅌㅋㅎㅎㅋㅌㅌㅌ,하림왕국용갈공주,1,2020-01-16T12:17:17.000Z
772,UgzrXlw4YHjwMs0SQaF4AaABAg,ㅋㅋ,유튜브조치원역,0,2020-01-16T12:17:17.000Z
773,Ugxlz2L1bwEbuVNM8N94AaABAg,잇섭님 이번 그램도 리뷰 해주세요~~~,정준호,0,2020-01-16T12:17:09.000Z
774,UgyUPFIvbRrf7O3uPtp4AaABAg,형형 큐엔에이,tei j,0,2020-01-16T12:17:07.000Z
775,UgwRnv2IzKqMEO-3hRp4AaABAg,2on,사회자,0,2020-01-16T12:17:06.000Z
776,Ugx_d9G-oM_8xjaRJfh4AaABAg,제 좋아요 홀수면 저 노트북삽니다.,공포TV,1,2020-01-16T12:17:04.000Z
777,UgyBVB7O-vkZ_MPP9fR4AaABAg,"잇섭님이 계신 채팅방?


https://open.kakao.com/o/ggnUzctb

기기!!",시크릿쥬쥬,1,2020-01-16T12:17:03.000Z
778,Ugxe1Cnr_29nUlpl7XF4AaABAg,0:08 차라리 그 돈으로 뜨끈한 국밥 4그릇을...읍읍!!,잠타이거,41,2020-01-16T12:17:02.000Z
779,UgxnocgvKkGzWUwc8O94AaABAg,이온살 돈도없는 새내기는 웁니다ㅠㅠ,이상진,0,2020-01-16T12:17:02.000Z
780,UgzNcy_20N7Bcw_JkH54AaABAg,몇 빠지?,이주혁,0,2020-01-16T12:17:00.000Z
781,UgxMwtNFiOlNcAscvFh4AaABAg,든ㅡ든한 헬로우 워치 보단 든ㅡ든한 국ㅂ..읍읍,코카콜라,1,2020-01-16T12:16:57.000Z
782,UgysCR_8LVnShg876sN4AaABAg,늦었다 ㅠㅠ,강.,0,2020-01-16T12:16:55.000Z
783,UgwqeFUnSovF49xzng54AaABAg,인트롴ㅋㅋㅋㅌ,고민수,10,2020-01-16T12:16:53.000Z
784,UgwMHt7Tr1yN-10bDoB4AaABAg,ㅠㅠ,황집사,1,2020-01-16T12:16:51.000Z
785,UgyHw2RykO3FTeyzuu94AaABAg,역시나 오늘도 인트로 맛집이네~,kisol키솔,1,2020-01-16T12:16:51.000Z
786,UgyzhTKauSuEc8mfwHV4AaABAg,형 렌선집들이 가능해?,김노아,0,2020-01-16T12:16:51.000Z
787,Ugzmh1Ky6pg26WvSXWd4AaABAg,ㅋㅋㅋㅋㅋㅋ인트롴,빵꾸ū똥꾸ūジ,1,2020-01-16T12:16:43.000Z
788,Ugz6BdCmL3taO1lGiCR4AaABAg,든든한 국밥이 아니였어!,- [PAMGP]-,1,2020-01-16T12:16:35.000Z
789,UgyyIMe1BlpMMo1TNlJ4AaABAg,헬로우 스마트워치 영상 보고 구매 고민중인데 지를까요?? (미밴드4 사용중),레일페이퍼 / RailPaper,0,2020-01-16T12:16:35.000Z
790,Ugx75YyXm4urBJ9VSLB4AaABAg,노트북은 디자인부터 lg였었는데 점점 삼성도 잘뽑아내고있네요,윤빙과,0,2020-01-16T12:16:35.000Z
791,UgxDPPf5uMQRM7LYCxR4AaABAg,형형 나 기계식키보드 살라고 그러는데 10만원초반데 좋은거 읎어?텐키리스로 ㅎㅎ,ag 008,1,2020-01-16T12:16:31.000Z
792,UgyWuVmYPCb1M2Kyzx54AaABAg,하하하하하하하하하하하 인트로는 역시 믿고본다,안정연,0,2020-01-16T12:16:29.000Z
793,UgwDfeQWdcPG_mgFYWl4AaABAg,욥,jjjuue _,0,2020-01-16T12:16:28.000Z
794,Ugwo_D83BkGgcDdksWx4AaABAg,ㅎㅇ,아아아,0,2020-01-16T12:16:27.000Z
795,Ugy1MVVQjFgLTSzr3Tx4AaABAg,"노트북 하나에 200을 태워?

묻고 젠북 프로 듀오로 가!",독일,0,2020-01-16T12:16:27.000Z
796,UgyI7ptmoAJnQBK5zpN4AaABAg,알림오자마자 왔는데,하이루,0,2020-01-16T12:16:26.000Z
797,UgyEpzhdJpIACobc9lt4AaABAg,1등?,kisol키솔,0,2020-01-16T12:16:25.000Z
798,UgylDzfx9Jo50cDWNop4AaABAg,"이온보다 형에맞게 FELX로 가자
돈많은 잇섭형",갓섭,0,2020-01-16T12:16:23.000Z
799,UgxpMC-RRcUqi-TI0_p4AaABAg,형 내 메일 좀 봐줘,황정훈,0,2020-01-16T12:16:23.000Z
800,Ugxmur_DROa9iFojv5t4AaABAg,*FLEX~*,SOFT TOWEL,3,2020-01-16T12:16:20.000Z
801,UgwqyBtDWathOdbjJ4l4AaABAg,42등,Bc Js,0,2020-01-16T12:16:20.000Z
802,Ugw4RX8qvNAe-tWYPWF4AaABAg,잘보고가요,곽경욱,0,2020-01-16T12:16:16.000Z
803,UgxooK8V9JaaFbL_-Q94AaABAg,인트로 언에듘ㅋㅋㅋㅋ,황인기 황인기,21,2020-01-16T12:16:15.000Z
804,Ugx0Z9NTxs6_kOazYm54AaABAg,재밌당ㅎㅎ,시러시러,0,2020-01-16T12:16:14.000Z
805,UgxbrUuiVvZQBNadV1B4AaABAg,잉 아살라말라이쿰,이준혁,0,2020-01-16T12:16:13.000Z
806,Ugws9LJDveEYIr-Cr_N4AaABAg,역시 서울 삼성킹 ㅎㄷㄷ,권태연,9,2020-01-16T12:16:12.000Z
807,Ugyq-7uURy8WemVGUm94AaABAg,플랙스 했네,정태민태민,0,2020-01-16T12:16:10.000Z
808,Ugw6Qy8bFBmC2wMQEpV4AaABAg,1,째뻠,0,2020-01-16T12:16:07.000Z
809,UgzCONXP0hIcB9nkwol4AaABAg,와우,Sydney Jung,0,2020-01-16T12:16:05.000Z
810,UgzMqW_QjecBV6-K9Nt4AaABAg,오,슈크림,0,2020-01-16T12:16:05.000Z
811,UgxRlgPiDSYV74JWRFl4AaABAg,형 드디어 갤럭시 북 이온을 리뷰 하는 구나 정.말.대.다.나.다,쿄준,0,2020-01-16T12:15:58.000Z
812,Ugxinf3ml8e-rVbhDAB4AaABAg,5빠,김정윤,0,2020-01-16T12:15:56.000Z
813,Ugz0AOrZc7sBfyKcM614AaABAg,ㅎㅇ,조현우,0,2020-01-16T12:15:53.000Z
814,UgxJPqZuRDzfyQc9PnV4AaABAg,오늘도 왓섭,톡쏘는코카콜라,0,2020-01-16T12:15:53.000Z
815,Ugyp4K0J8fnGuWN7fY94AaABAg,"6빠(고정좀)
이거 초는 수정해서 초기화된거임 6빠맞음",Youtube Cow,0,2020-01-16T12:15:50.000Z
816,Ugx3bFB8N4ARJzDRM554AaABAg,1빠,yuzzala,1,2020-01-16T12:15:49.000Z
817,UgyHWYelvUsXXvjdpWF4AaABAg,뭐야뭐야ㅠ조회수 없음 뭐야무어,영빈,0,2020-01-16T12:15:48.000Z
818,Ugza9OqNDeQeKUYtOoV4AaABAg,ㅋ,김민승,0,2020-01-16T12:15:47.000Z
819,UgzttXgDlzWmiZOOGDR4AaABAg,국밥 100그릇 정도는 먹을듯,신기한우와,0,2020-01-16T12:15:42.000Z
820,Ugxa8BzZyaMPSAioz8V4AaABAg,ㅋ,김민승,0,2020-01-16T12:15:33.000Z
821,UgzknRgT4bWPQciyJRR4AaABAg,1등인가?,윤유겸,0,2020-01-16T12:15:27.000Z
822,Ugx1iYwb-agk_e3fiL54AaABAg,10초전 업로드?,Julylim,0,2020-01-16T12:15:26.000Z
