1,이걸문기가,ㅋㅋㅋ  광고를 들으려고  클릭해서 들어온적은  첨이네
2,곽철용,이렇게 내가 광고까지 했는데도 사먹지 않으면 변사체가 된다
3,송현우,내가 유튜브에서 광고를 찾아 들어간 건 처음이네 ㅋㅋㅋ광고 더블로 가!
4,정성훈,아놔 내가 살면서 광고를 클릭해서 볼줄이야 아이언 드래곤성님 화이팅 하십쇼
5,킴데이브,장난삼아 얘기했던게 실제로 이어지네ㅋㅋ
6,메유,고니야 감자튀김 하나 찔러봐라
7,최호영,뒤에 노란정장 김영철 사딸라 와드박습니다.
8,여러분하고싶은거다fuxkin해요,곽철용 이분은 발성이랑 목소리가 개씹사기라 평범한 대사 해도 명대사가 됨  앞으로도 건승하시길
9,Realestate,광고를 클릭해서 본건 처음이다... 이게 내 결론이다
10,LilraKing,원래 햄버거 다른집 먹는데 준일님 버거킹 사랑에 친구 강제 끌고가서 버거킹 먹었습니다 준일님 담광고 나오면 햄버거는 버거킹만 먹을께요 빨리~~~~~ 선한 영향력 한가득 버거킹 기대해요~~~~~~~~~~~
11,이동림,저희 동네 새로 버거킹 생겼는데 자주 갈테니 양준일씨 광고모델로 저기 모냐 브로마이드 그런거 만들어주믄 울 애들 다데리고 계속 갈께요 혹시 계약된분 없다면  양준일씨로🙏🙏
12,미스터굿굿Mr.GoodGood,밈 떴을 때 바로 광고 제작해줬으면 더 좋았을 텐데.. 그래도 지금이라도 볼 수 있어서 흐뭇함 굿굿
13,jeongmin9,진짜 트렌디한 브랜드네 ㅋㅋ
14,남성인권부,"곽철용 이대로 야쿠르트 광고까지 가즈아ㅏ!!""고니야~빨대 한번 찔러봐라."""
15,sunyukim,드디어 버거킹이 이루었도다 ㅋㅋㅋㅋㅋㅋㅋㅋㅋㅋㅋㅋㅋㅋㅋ 앜ㅋㅋㅋㅋ 역시 버거패티는 묻고 더블로 가야 제맛! 🍔
16,elenakarinanne,시간여행자 양준일님 귀환에 버거킹 참여가 시급합니다！ 과거 버거킹에서 팬미팅을 했다하니 2020년 광고 콘셉트로 딱이네요！패스트푸드 업계 명실상부 트렌드세터 버거킹의 선구안을 기대합니다！
17,ammss11,알바 여자분 사딸라 때랑 같은 사람인듯 ㅋㅋㅋㅋㅋㅋㅋㅋㅋㅋ
18,명진,버거킹!! 항상 핫한분 모시고 기발한광고 최고입니다. 이번엔 양준일님 가나요?? 양준일모델이면 매일 버거킹만 먹을겁니다!!
19,NAYEONKWON,내일모레 버거킹 갈거에요. 양준일 님 팬끼리 모임이 있어서요 . 다들 인증하고 있어요 저도 일요일에 인증 가능해여! ㅎㅎcf도 안찍었는데 광고 효과가 어마어마 하지요??  준일오빠 버거킹 cf가쟈~
20,혜니,전설의 곽철용ㅋㅋㅋ드디어 광고도 찍으신건가요ㅋㅋㅋㅋㅋ
21,조문부활,담 광고 양준일루 가즈아~~~~~~~아줌마들 카페모임은 버거킹으루 잡고
22,히든카드연체,역시 갓버킹광고👍🏻 담엔 양준일님이 하셔야죠ㅋㅋ 버거킹에서 몇명이랑 팬미하다가 성공한 버거킹덕후거든요ㅋㅋㅋㅋㅋ
23,정은정,"양준일님이 팬미팅했다는 버거킹 구경하러 홈피,여기까지 와 보네요다음 광고는 양준일님으로~~지금 광고도 멋져요~~"
24,코코리코,1991 시간여행 버거 하나 만들고양준일님 버거킹 광고 갑시다~♡ 준일님 90년대 버거킹 단골♡팬과의 소통 장소도 버거킹♡광고주님들 밀어주세요~♡
25,너그토록아름다운,"양준일님이 어렸을때부터 버거킹 마니아였다는데...  어제팬미팅에서 ""예전에는 팬미팅을 버거킹에서 했어요~""마지막멘트  ""2차로 버거킹?""..양준일을 모델로..."
26,StationStop,0:16 0:19 김영철 이스터에그...?
27,JudyPark,"양준일 님이 좋아 했다는 버거킹. 요즘 안먹었었는데, 이렇게 관심이 간다~~~"
28,통화거래내역,00:1700:19사딸라 김영철씨 깜짝 출현
29,운지민,나올줄 알았다 ㅋㅋㅋㅋㅋㅋㅋ
30,jhcl,버거킹 많이 먹으면 니배커...감추인 뱃살 말을 해줘요.니배커~니혼자 먹지말고~
31,IreneChoi,어이~! 새상품 나오기만해!! 아주 돈쭐내줄테니까!!양준일이랑 2차로 버거킹 갈테니까 그 뭐시기.. 후란치후라이?  서비스알지? 일좀 하자고~ 잉? 양준일 이냥반이 입이 고급이라 버거킹만 먹는다네?? 여러말 않혀~~   내밑에 애들 많으니까 알아서 잘혀라
32,이자영,참~~나😉❤양준일 때문에 버거킹엘 다들어왔네😅다음편 광고는 양준일씨 강력추천~~~~합니다👍👍👍👍👍양준일씨가 팬미팅에서 버거킹 얘길 계속하시더라구요ㅋ그 영상보고햄버거 좋아하지도 않는데 대체 뭐가 그리 좋아서 버거킹 버거킹하나 들어와봤어요😆담 CF는 양준일씨로~~~예~~~❤❤❤그럼 아들 데리고 롯데리아 안가고버거킹만 가겠음😉😉👍👍🍔🍔🍟🍟❤❤
33,이팝나무,2차는 버거킹~주닐오빠💖쟈이버거출시는 언제쯤?
34,Bonggeun,광고보다 일부러 들어옴내일 점심은 햄버거가 ㅋㅋ
35,갸오니,"옛날 옛적에 준일님이 드셨던 버거가 궁금합니다~탑골버거~ 버거킹이 버거""킹""이었던 그때 그 시절~~"
36,매우뢰,다음모델  양준일 강추!!!!
37,2차는버거킹,준일오빠가 팬미팅했던 지점을 찾아주세요~~ 성지순례갈거야아~~
38,SunnSunny,진짜 유튜브 광고 자발적 클릭은 처음이네요ㅋㅋㅋ
39,꾼희,"""Ask and go to the blue"""
40,yunm,내가 요즘 준일오빠땜에 매일 아침 커피마시러 맥날 갔는데 이제 버거킹으로 감~2차는 버거킹!팬미팅도 버거킹!
41,NAMIS,양준일님께서 팬미팅  2차는 버거킹이라고 해서 와봤어요~울산에는 몇개없네요 ㅜㅜ 이제 2차는 무조건버거킹  양준일님이 매장에 뙇  !  있으면 매일 출근  ~~미리 감사드립니다 양준일 버거킹모델 ㅎ
42,이준희,ㅋㅋㅋ 아놔 버거킹 진짜 ㅋㅋㅋ 햄버거도 좋아하지만 광고로 항상 웃겨주네ㅋㅋㅋㅋ
43,Univ찌룩,0:04 웃음 참으시는거 같으신데ㅋㅋㅋㅋㅋㅋㅋ
44,Skywalker,내가 유튜브 생활 3년만에 광고 썸네일 보고 들어오긴 처음이다ㅋㅋㅋㅋㅋ
45,지영박시율,다음편은 양준일 님 부탁해요 2차는 버거킹!
46,박유튜브,동네분들을 위해  워터파크 작은거지만 무료개방  하실때부터  인성 굿
47,doledoDole,0:08 반복재생 중 ..넘 귀엽자나
48,sinkyulee,이제야 나왔네 ㅋㅋㅋㅋㅋ 기다리고 있었다 맛깔난다 역시 본좌야 ㅠㅠ
49,도개걸윷모모모,버거 하나에 패티 두개를 태워? 너 나중에 다시 봐~
50,TonyShin,묻고 더블로 가!! 나 믿고 더블로 가!!Ask and Go to The Blue!!
51,카이저소제,"맥도날드도 안되, 롯데리아도 안되,이 안에 버거킹 상대가 없다.이게 내 결론이야."
52,AaronRyeoYoon,곽철용 뒤에 노란옷 ㅋㅋㅋㅋㅋㅋㅋㅋㅋㅋㅋㅋ 세계관이 합쳐지는것인가?
53,블쿠BC,누가 이거 광고나오면 좋겠다했는데 진짜 나왔네ㅋㅋㅋㅋㅋㅋㅋㅋㅋ
54,방구석게임,와 조회수 ㅋㅋㅋㅋㅋㅋ 뭐얔ㅋㅋㅋㅋㅋㅋㅋ 버거킹이 이렇게 떡상하네 볼때마다 몇만씩올라
55,-쌍쌍바100원,와 내가 스스로 광고를 클릭하다니...ㅋㅋㅋㅋㅋㅋㅋㅋㅋㅋㅋ
56,곽재영,ㅋㅋㅋㅋ 와 댓글 처음 적는데 진짜 찍었네 이거 ㅋㅋㅋㅋ 대박
57,hopjay,광고 볼려고 클릭한건 처음인뎈ㅋㅋㅋ 배댓도 쭈욱 그래서 너무신기 ㅋㅋ 대박
58,유멜리,진짜 미쳤나봨ㅋㅋㅋㅋㅋㅋㅋㅋㅋㅋㅋㅋㅋㅋㅋㅋㅋㅋㅋㅋㅋㅋㅋ 너무 좋아 ㅠㅠㅠ ㅋㅋㅋㅋㅋㅋㅋㅋㅋㅋㅋㅋㅋㅋㅋ
59,UI유아이,아 진짜 진심 방터졋다 아침부터 ㅋㅋㅋㅋㅋㅋㅋㅋㅋㅋㅋ
60,OhHailena[Show]그라시아스,광고가 오진다 ㅋㅋ
61,escorter*,나왔네 ㅋㅋㅋㅋ 쫌만 더 빨리 나왔으면 좋았을듯
62,갓시탈,0:08 철용 형님 죄송합니다. 이 누나가 더 눈에 들어왔습니다..
63,totomanlee,대바크!ㅋㅋㅋ예상했던 일이 벌어졌구나? 어이 ~ 젊은 친구들...신사답게 댓글써!
64,인디러버,물들어올때 노저었네 버거킹ㅋㅋㅋ
65,짜파게티중독자,이 이저씨 너무 좋아 ㅋㅋㅋㅋㅋㅋㅋㅋㅋ
66,근달,ㅋㅋㅋㅋㅋㅋㅋ그냥 죤나 좋닼ㅋㅋㅋㅋㅋㅋㅋㅋㅋㅋㅋㅋㅋㅋㅋ
67,유리,나온다는 소문 구란줄 알았더니 진짜네... 엌ㅋㅋㅋㄱㄱ답글달아주셨네요
68,국민이개돼지냐,햄버거 안 먹는데 먹어야 겠누많이 사먹으면 철용이형 또 광고찍음 ㅋㅋ
69,후라이팬,0:03
70,Mr.섭풍,진짜 나옴 ㅋㅋㅋㅋ
71,김탱쟈,철용형님 광고하는거좋은데ㅠㅠㅜㅜㅜㅜㅜㅜㅜㅜ확실히 주름이나 인상이 나이가 더드신게 보이는게 더 안타깝습니다ㅜㅜㅜㅜㅜㅠㅜㅜㅜㅜㅠ크엉...
72,JhO,올데이킹은 밈을 위해 태어난 버거인가...
73,김지훈,ㅋㅋㅋㅋㅋ 저아저씨 내 스타일
74,베트남여자Vietgirl,"한국 친구들이 알려줘서 외국인도 한다 '어이~ 젊은 숙녀! 나 믿고 더블로 가~"""
75,joshykang12,zㅋㅋㅋㅋㅋㅋㅋㅋㅋㅋㅋㅋㅋㅋㅋㅋㅋㅋㅋㅋㅋㅋㅋㅋㅋㅋㅋㅋㅋㅋㅋㅋㅋ이런 경우가 있었나...응수형 화이팅 꽃길 걸으십쇼 묻고 더블로 가가 이렇게 흥행할줄은.....ㄷㄷ
76,lmh115566,이시간에 5번연달아보는 내인생 쌉레전드~
77,김은겸,ㅋㅋㅋㅋㅋㅋㅋㅋㅋㅋㅋㅋㅋ 진짜 찍엇네 짱이다👍👍
78,치코Chico,아니 진짜 나오냐고 ㅋㅋㅋㅋㅋㅋㅋㅋㅋㅋㅋㅋㅋㅋㅋ
79,JJMOTORCAR2,0:15 이분 4달라 하신 그 아저씨임ㅋㅋ
80,강진영,"진짜 광고모델 찰떡,...철용형님 멋잇어용 ㅠㅠㅠ역시 묻고 더블로 가!!!!!"
81,인간•62년전.,0:19 노란옷 4딸라
82,요시,이거 나올줄알았다 ㄹㅇ ㅋㅋㅋㅋㅋㅋㅋㅋㅋㅋㅋㅋㅋㅋ
83,사성구,진짜 나왔엌ㅋㅋㅋ
84,chrisJu,Believe me and go to the blue!
85,이현무,이걸 진짜 만드네 ㅋㅋㅋㅋ
86,현우킴,와 진짜 나왔넼ㅋㅋㅋㅋㅋㅋ
87,YoungJoonPark,누군 햄버거 수사 안해본줄 아나 ㅋㅋㅋㅋ
88,수수,메이킹 영상도 궁금하다.0:18 버거킹 목소리 멋있고 넘나 좋은것!
89,KiKei,진짜로나왔나? 해서 왓더니 진짜로나옴ㅋㅋㅋㅋ
90,sogood,ㅋㅋㅋㅋㅋㅋㅋ아오 진짜 ㅋㅋㅋ 귀여우셔
91,나영선,30년전부터 버거킹에서 팬미팅한 양준일님 광고 나오게 해주세요. 앞으로 버거킹만 먹는걸로~~~
92,양훈김,0:16 0:19 그분의 옷이 보인다
93,윤종현,ㅋㅋㅋㅋㅋ 이게 진짜로 나오네 ㅋㅋㅋㅋ
94,ZombieCorea,ㅈㄴ웃기네ㅋㅋㅋㄱㅋㅋ
95,SRLowless,0:04 영화랑 똑같다 ㄹㅇㅋㅋ쿠
96,쿨병걸린배놀부,광고 클릭해서 들어온 건 진짜 처음이다 ㅋㅋㅋㅋㅋㅋㅋㅋ
97,UUniverse,사딸라 양반도 줄 서고 있음 ㅋㅋㅋㅋㅋㅋㅋㅋ
98,서꺼이,ㅋㅋㅋㅋㅋㅋㅋㅋ머야이거 철용형님 요즘왜케핫해♡
99,미연김,봐도바도 좋앜ㅋㅋㅋ 아이돌도 안파는데 ㅋㅋㅋㅋㅋ 김응수 아저씨 좋아서 버거킹 다녀옴ㅋㅋㅋㅋ
100,Happyoutube,미친... ㅎㅎㅎ 진짜 광고로 나왔네... ㅋㅋㅋ 먹으러 가야겠다... ㅋㅋㅋ
101,카ryo,아 미친ㅋㅋㅋ 진짜로 찍었엌ㅋㅋㅋㅋ ㄴㅇㅅ!!
102,황신영,와... 조회수 미쳤네.. ㅋㅋㅋㅋㅋㅋ 오늘 점심은 묻고 떠블로 간다!!
103,고등생,ㅋㅋㄱㅋㄲㅋㄱㅋㄱㅋㅋ드디어나왔다
104,김홍민,미쳤다 ㅋㄱㄱㅋ 센스 있구먼유 ㅋㅋㄱㄱㅋ
105,정수민,아 진짜 광고 왠만하면 안보는데 ㅋㅋㅋㅋ
106,kimdaddy,ㅋㅋㅋㅋㅋㅋ 개웃기넼ㅋㅋㅋㅋ 잘어울린다 ㅋㅋㅋㅋㅋ
107,이정리,ㅋㅋㅋㅋ아놔 이게 내 결론이다에서 빵터짐요 ㅋㅋㅋㅋ 곽철용 만세
108,JI,와 씨바 이거 광고로 나올거같다는 사람 봤는데 ㅋㅋㅋㅋㅋㅋㅋㅋㅋㅋ
109,오,ㅋㅋㅋㅋㅋ
110,iohccm,진짜똑같애ㅋㅋㅋㅋㅋㅋㅋ
111,구름의행방,ㅋㅋㅋㅋㅋㅋㅋㅋ아 너무 웃기네요
112,해딱,김영철 사딸라도 찍더니ㅋㅋㅋㅋㅋㅋㅋ 버거킹이 캐스팅 하나는 잘한다 진짜
113,DarkDark,ㅋㅋㅋㅋㅋㅋㅋㅋㅋ 더블 겁나 좋아 ㅋㅋ
114,내가뭐하는지안궁금해?,0:16 0:19사달라 그는 대체...
115,좋아하는사람이있다어떻게고백하지?,버거킹은 유행을 좋아하누ㅋㅋㅋㅋㅋ그래서 좋닼ㅋㅋㅋ
116,김민주,곽철용 상남잨ㅋㅋㅋ 광고 찾아본건 첨임ㅋㅋㅋ
117,악플다는스님,ㅋㅋㅋㅋㅋㅋㅋㅋㅋㅋㅋㅋㅋㅋ 묻고 떠블로가 ㅋㅋ
118,나엄정화났어,왘ㅋㅋㅋㅋㅋ원래 사람들이 원하는건 절대 안 이루어지는데 이루어졌다ㅋㅋㅋㅋㅋㅋㅋ개웃기네 버거킹일 잘혀~~???
119,이동화,아 너무좋다ㅋㅋ 역시 응수형님^^  완전 팬입니다ㅎㅎ
120,이동영,아 ㅋㅋ 진짜 광고였네 ㅋㅋㅋ 누가 또 합성한줄 ㅋㅋㅋㅋ
121,도봉구도봉동도봉순,0:16 0:20김영철 ㄷㄷㄷ버거킹 세계관 확장인가
122,Baglall,by Iron Dragon
123,진지충,ㅋㅋㅋㅋ 아~ 만족스럽다ㅋㅋㅋ
124,어하,아 ㅈㄴ웃기네 ㅋㅋㅋㅋㅋㅋㅋㅋㅋㅋ케
125,그레인저계정,와 ㅋㅋㅋㅋ  상상했던게 실제로 이루어져버리네 ㄲㅋㄱ
126,성욱,살면서 광고 눌러서본거 두번째다 ㅋㅋㅋㅋ 첫번째는 4딸라
127,오꾸닭,ㅋㅋㅋㅋ 설마설마했는데 진짜 광고찍었네
128,LEEChan,ㄹㅇ 찍었넼ㅋㅋㅋㅋㅋㅋ
129,응으,버거킹은 사딸라형님도 그렇고 이번에도ㅋㅋㅋ 대단
130,리니셜,알바분 너무 이쁘셔 ㅠ
131,HYSeo,ㅋㅋㅋㅋㅋㅋㅋㅋㅋㅋㅋㅋ앜ㅋㅋㅋㅋㅋㅋㅋ철용좤ㅋㅋㅋㅋㅋㅋ
132,설빙하,ㅋㅋㅋㅋㅋㅋㅋ진짜로 찍었네 광고 볼라고 누른건 처음..
133,sunnysunny,아~ㅋㅋ 결국 광고 찍으셨네ㅋㅋㅋ
134,효신,이형님 때문에 타짜 9번 봤어요ㅋㅋㅋ 사랑해요 철용곽
135,충아라미스,ㅋㅋㅋ하여튼 연기를 잘하시니까. 어울리네요. ㆍ나도 믿고 더블로 가까요
136,김홍준,유튜브에서 광고 처음 찾아들어옴ㅋㅋㅋ
137,김민우,ㅋㅋ강하고 묵직하다 임팩트쩐다.. 역시 👍
138,VLbrothers,버거 유니버스 ㅋㅋㅋㅋㅋㅋㅋㅋㅋㅋㅋㅋㅋㅋㅋㅋㅋㅋㅋㅋ 뒤지게 웃었네 ㅋㅋㅋㅋㅋㅋㅋㅋㅋㅋㅋ
139,쿠오우워,역시 갓거킹 실행에 옮기는구나ㅋㅋㅋ
140,repair4488,ㅋㅋㅋㅋㅋㅋㅋㅋ.  형님 파이팅입니다 버거킹도 파이팅!!
141,월하군,뒤에 사달라형님은 뭔데 ㅋㅋㅋ
142,이은철,ㅋㅋㅋㅋㅋ 내스스로 광고를 클릭해서 보다니
143,Kim궁딩,늬미ㅋㅋㅋㅋㅋㅋㅋ생각만했던게현실이되다늬ㅋㅋㅋㅋㅋㅋㅋㅋ철용이형♡♡♡♡♡♡
144,박준연,결국 찍으셨군욬ㅋㅋㅋㅋㅋㅋㅋㅋㅋ
145,유동우,진짜 역대 광고효과 창출하겠네 ㅋㅋㅋㅋㅋㅋㅋㅋㅋㅋㅋㅋㅋㅋㅋㅋㅋㅋ
146,최욱,와 진짜 광고로 만들어 질줄은 몰랐네요^^ 철용형님 묻고 더블로가겠습니다
147,권성진,ㅋㅋㅋㅋㅋㅋㅋㅋㅋㅋㅋ진짜나왔네
148,공장마스터,겁나웃기네ㅋㅋㅋㅋ
149,허세용Seyong,이거 섬네일보고 안누를 수있냐고ㅋㅋ젊은친구 형믿고 더블로갑니다
150,시아아,ㅋㅋ기ㅋㅋㅋㅋ  광고들어올줄 알았음
151,고니,저 중간에 노란색옷 뒷모습 김영철 이네ㅋㅋㅋㅋㅋㅋ
152,치요,ㅋㅋㅋㅋㅋㅋㅋㅋㅋㅋㅋㅋㅋㅋㅋㅋㅋㅋㅋㅋㅋㅋㅋㅋㅋㅋ진짜나오네
153,서영훈,ㅋㅋㅋㅋ 결국 한편찍으셨넵  추카드링니다~~ㅋ
154,다카!!다카!!,설마 했는데 나왔어 ㅋㅋㅋㅋ
155,윤상진,화란아 나도 더블페티 올익스트라에 라지 사이즈 업 해서 먹고산다.
156,술인,진짜보고싶었는데 광고로 나올줄이야 ㅠㅠㅠㅠ 버거킹 개좋아 ㅋㅋㅋㅋㅋㅋㅋ
157,Mr.Blackhole미스터블랙홀,사딸라에 이어서 ㅋㅋㅋ떠블로가 ㅋㅋ
158,겜프로,와 이거 볼려고 광고르루직접 보네ㅋㅋㅋㅋ
159,HYL,기다리고 있었다 ㅋㅋㅋ
160,신쟁,ㅋㅎㅋㅎㅋㅎㅋㅎㅎㅋㅋㅎㅋㅎ
161,샹크스,앞으로 영화에서도 자주보이시길 ㅠㅠ 느와르너무 잘어울리심
162,랩갓,유튜브 들어올때마다 한번씩은 보게되네ㅋㅋㅋㅋㅋㅋㅋㅋㅋㅋㅋㅋ
163,SiKim,0:16 0:19버거킹 유니버스가 열립니다.
164,쿠티,4백만 ㅋㅋㅋ 조회수 미쳤ㅋㅋㅋ
165,김성훈,ㅋㅋㅋㅋ나올줄알았다
166,덜익은도우너,광고 실수로 누른거말고 직접 클릭해서 들어온거 처음ㅋㅋㅋ
167,뜰뒤,ㅋㅋㅋㅋ 김두한에 어서 곽철용
168,스마일꽃,ㅋㅋㅋㅋ묻고 더블로가!
169,강지현,명대사 다 나오는데 거부감이없엌ㅋㅋㅋㅋ
170,현은설,ㅋㅋㅋ왜 안나오나 했다
171,찐따판별기,ㅋㅋㅋ안들어올수가없다
172,쏠망쏠망[ossol&mangtto&mango],질리질않아ㅋㅋㅋ광고가
173,깜보,찬호형 광고 이후로 두번째로 들어왔네ㅋㅋㅋ
174,은진,ㅋㅋㅋㅋ결국 CF까지 나오고야 말았네 진짜 광고 보려고 들어온거 처음인듯
175,RoyKim,ㅋㅋ 안들어 올 수 가없는 광고
176,오쏠오쏠귀여워,광고를 클릭하게만들다니ㅋㅋㅋㅋㅋㅋㅋ
177,김정훈,철용곽형님ㅋㅋ 넘흐 웃경
178,J.bluebirdsyndrome,너무 좋아요 ㅋㅋㅋ
179,PARKSOONDAE,광고를 보고싶어서 왔네 ㅋㅋㅋㅋㅋㅋㅋ 곽철용 믿고 더블로간다 버거킹 ㄱㄱ
180,foxi,왘ㅋㅋㅋㅋㅋ
181,DK-soul,처음으로 알고 클릭한 광고ㅋㅋㅋㅋ
182,태성,ㅋㅋㅋㅋㅋㅋㅋcf찍으셧넹ㅋㅋ
183,DGKIM,중후한거보솤ㅋㅋㅋ마지막 버거킹 캣치브랜드 존나 멋있엌ㅋㅋ
184,행운이,ㅋㅋㅋ 묻고 더블로가 역대급 유행어
185,웃Kss,ㅋㅋㅋㅋㅋㅋㅋ최고네
186,MooK!,아 대박 ㅋㅋ 광고를 클릭해서 보게될줄이야~^^ 버커킹 진짜 굿 초이스다~
187,문정호,곽철용ㅋㅋㅋㅋ
188,시낭,뒤에 김영철먼데ㅋㅋㅋ
189,Xero[GD],ask and go blue!!
190,mtj,Burgerking is Bring me here
191,ᄒᄒ,이 광고 보는데 버거킹 앱 알림뜨뉴 ㅋㅋㅋㅋㅋㅋㅋㅋㅋㅋㅋㅋㅋㅋㅋㅋ
192,DavidKim,뭐야 형 왜 거기서나와ㅋㅋㅋㅋㅋ
193,UNKNOWN,버거킹 유니버스 개웃김ㅋㅋㅋㅋㅋ
194,오민TV,참나 이게 현실이 되다니ㅎㅎㅎ
195,소심한쿨가이,ㅋㅋㅋㅋ 진짜 찍었네
196,SS,버거킹 진짜 광고모델은 잘 뽑네ㅋㅋ
197,둠피스트,저게 4달라랑 같이 나오면ㅋㅋㅋㅋㅋ
198,LutherVandRoss,진짜 우끼다 ㅋㅋ
199,토이조아TOYJOAH,아이언드래곤형님!! 형님 믿고 오늘 더블로갔습니다!!
200,김민주,버거킹 오늘은 이게 내 결론이다ㅋㅋㅋㅋㅋㅋ 아 배고파졌다 버거킹매직..
201,예진,아 ㅋㅋㅋㅋㅋㅋㅋ
202,보마,ㅋㅋㅋㅋ
203,호랑이,ㅋㅋㅋ
204,[리니지M]BJ지노,ㅋㅋㅋㅋㅋㅋㅋ이형 보러 이 광고를 누르게되다니
205,hayescarmen,버거킹 다음 광고는 양준일 추천
206,김진성,ㅎㅎ 축하해요 버거킹 먹어야겠다~
207,buzzRock,유튜브 들어와서 광고를 찾아본건 처음이네욬ㅋ
208,모두하이,진짜 올해 전반기는 김두한 / 후반기는 곽철용이다...대박!
209,픞카,와 이게 진짜 나왓넼ㅋㅋㅋ
210,김지희,ㅋㅋㅋㅋ이거 언젠간 나올거라고 예상하고 있었어요 ㅋㅋㅋㅋㅋ
211,조용준,광고 잼있네ㅋㅋㅋㅋ살다살다 광고가 궁금해서 들어오긴 또 첨이네ㅎㅎ
212,이뭐뭐,와 근데 진짜 위엄있으시네..ㄷㄷ
213,hhH,이게나오다니 ㅋㅋㅋ
214,양양,버거킹ㅋㅋ 물들어올때 노젓넼ㅋㅋㅋ
215,kyeongyoonkim,궁예 뒤태 무엇 ㅋㅋㅋ
216,kmduck,ㅋㅋㅋㅋㅋㅋㅋ 강제 제 2의전성기 시작
217,오순영,광고넘잘알 ㅋㅋㅋㅋㅋㅋㅋㅋㅋㅋㅋㅋㅋㅋㅋㅋㅋㅋㅋㅋㅋㅋ ㅇ안사먹으면 변사체.. 버거킹앞으로 ^^7
218,옆집돌맹이에붙어사는뚱이,드디어 나왔네 ㅋㅋㅋㅋㅋㅋ
219,블루BLUE_뉴수원,5252 버거킹! 믿고있었다구!
220,askedm,이런 미친ㅋㅋㅋㅋㅋ 이게 나오네
221,당황한기철이,광고 시나리오 적더니 드디어 광고가 나왔네ㅋㅋㅋ
222,신지훈,ㅋㅋㅋㅋㅋㅋㅋㅋㅋ
223,MiAn,ㅋㅋㅋㅋㅋㅋㅋㅋㅋㅋㅋ
224,Woo-junPark,ㅋㅋㅋㅋㅋㅋㅋㅋㅋㅋㅋ
225,박영균,미친ㅋㅋㅋㅋ이거 언제부터 하나요??
226,김영찬,마지막 뒤에 김두한있네 ㅋㅋㅋㅋㅋㅋ
227,아몰랑,사먹겠숩니다 변사체가되기 싫어요ㅋㅋㅋ
228,케이비,0:07 더블패티 더블 올데이킹입니다 ㅋㅋㅋㅋ 이여자 뭐야 졸귀탱이자어
229,김우민,곽철용 광고 언제 나오나 궁금했었는데 ㅋㅋ
230,ShotHoly,떠블로 가! ㅋㅋㅋㅋㅋㅋㅋㅋ
231,우우,ㅋㅋㅋㅋㅋㅋㅋㅋㅋㅋㅋㅋㅋ
232,17171771,ㅋㅋㅋㅋㅋㅋㅋㅋㅋㅋㅋㅋㅋ
233,트리비,ㅋㅋㅋㅋㅋ 오늘 점심은 버거킹이다ㅋㅋㅋ
234,nightSummer,나 믿고 더블로 가 ㅋㅋㅋㅋㅋㅋㅋㅋ
235,아무리생강케도너마늘,ㅋㅋㅋㅋㅋㅋㅋㅋㅋㅋㅋㅋㅋㅋㅋㅋ
236,황준영,대사 잘 버무려놧네 ㅋㅋㅋㅋ
237,뀨뀨,ㅋㅋㅋ 캬 이목소리지
238,라디오씨,0:10???:특별한 소스 양상추 치즈피클 양파까지
239,펭-하,ㅋㅋㅋㅋㅋㅋㅋㅋㅋ사딸라에 이어 이젠 곽철용ㅋㅋㅋㅋㅋ
240,牛肉,버거킹 유행에 빠르네 ㅋㅋㅋ
241,박정훈,젊은친구 나믿고 더블로 가아 욱껴ㅋㅋㅋㅋㅋ
242,icandoityct,아 이거 보려고 광고를 찾아서 보네ㅋㅋㅋㅋ
243,모노가타리,묻고 소리  질러어~~
244,탁이,ㅋㅋㅋ 광고 다시보기 한적은 처음이닼ㅋㅋㅋㅋㅋ
245,김태윤,???: 회장님 계산줄이 너무 밀립니다???: 옆 카운터는 장사안하냐 ㅅ끼야?
246,ᄉᄇ니타,드디어 곽철용 광고 찍네ㅋㅋㅋㅋㅋ
247,윤민호,광고까지 찾아와서 댓글달긴 첨이네요 ㅋㅋㅋ철용좌 날아오르라~~~
248,호다카피닉스,곽철용은 타짜에서 나오는 이름이고 진짜 이름은 “김응수”님 입니다
249,박희영,zzzzzzzzzzzzzzzzzzzzzzㅋㅋㅋㅋㅋㅋㅋㅋㅋㅋㅋㅋㅋㅋㅋㅋㅋㅋㅋㅋㅋㅋㅋㅋㅋㅋㅋㅋㅋㅋㅋㅋㅋㅋㅋㅋㅋㅋㅋ잘못본줄알았넼ㅋㅋㅋㅋㅋㅋㅋㅋㅋㅋㅋㅋㅋㅋㅋㅋㅋㅋㅋㅋㅋㅋ
250,박준영,ㅋㅋㅋㅋㅋ 나같은 사람이 여럿이네 ㅋㅋㅋ 내가 광고를 눌러서 볼줄이야 ㅋㅋ
251,damc,ㅋㅋㅋ이제서야 발휘대나?
252,김은주,2차는 버거킹??
253,좌지우지,ㅋㅋㅋㅋ
254,UNGGUM3S,ㅋㅋㅋㅋ
255,병신만보면짖는개,ㅋㅋㅋㅋㅋㅋ
256,정세민,ㅋㅋㅋㅋㅋㅋㅋ
257,허니,ㅋㅋㅋㅋㅋㅋㅋ
258,부렉빙,ㅋㅋㅋㅋㅋㅋㅋ
259,조보아,ㅋㅋㅋ
260,라솔솔,ㅋㅋㅋ
261,이연희,일부러 10번씩 보는듯 ㅋㅋ
262,땅새,깨어있는 버거킹 오집니다!!! 오늘도 와퍼 씹으며 하루를 마무리!!@@
263,최승훈,이광고가나오길기다렸닼ㅋㅋㅋㅋㅋ
264,VAR판독기,"""죄송합니다. 조커인 저도 이걸 먹은 뒤로 더블병이 생겼습니다. 하하하하하하하하!!!! ×2"""
265,RA.Tiger,광고를 보러 들어오게 만ㄴ드는구나 ㅋㅋㅋㅋㅋㅋㅋ
266,김승민,와 곽철용 엄청웃기네 ㅋㅋㅋ광고를 볼줄이야... 묻고 더블로 가쟈!!
267,홀릭러브유,사달라에 이어서ㅋㅋㅋ 더블로 가나
268,구걸하면미래아들날강두,미소가 구냥 자동으로 나옴 ㅋㅋㅋㅋ
269,한준희,광고 보고 웃기는 오랜 만이누 ㅋㅋ.. 카운터 여자 고객 대응 개웃기누 ㅋㅋ..
270,김철,광고보러옴 ㅋㅋㅋㅋ
271,리니셜,이거 보면서 더블패티올데이킹 먹으니까 존맛 ㅎㅎㅎㅎㅎ
272,디자이너언더독,ㅋㅋㅋㅋㅋㅋ아놔 나만 클릭한게 아니었네
273,에베벱,마지막에 젊은친구 앞에도 4딸라네 ㄷㄷ
274,GuiltySpark,아니 뒤에 사딸라 뭔데ㅋㅋㅋㅋㅋㅋㅋ콜라보 떡밥인가요?ㅋㅋㅋㅋㅋㅋㅋ
275,젊은수사관,ㅋㅋㅋㅋㅋ광고보이자마자 바로 클릭하긴 첨이네
276,따시,더블로갓!ㅋㅋㅋ
277,야유로봇,버거킹또 치트키쓰네 아ㅋㅋ
278,아르미9,캬~~~~~ 이게바로 내가 원하던거야
279,왕도깨비TV,ㅋㅋㅋㅋ 드이어 찍으셨군요 ㅋㅋㅋ
280,KimMuFFle,드립이 현실화 되는건 처음이네ㅋㅋㅋ
281,시연TV,광고를 보려고 들어온적 첨이닼ㅋㅋㅋ
282,카르페디엠,헐 이거  진짜 곽철용님이 광고할거같았는데 ㅋㅋㅋㅋㅋ진짜하네 소름;;
283,송민준,철용좌 ㄹㅇ로 찍었넼ㅋㅋㅋㅋ 개좋아
284,지나가는사람,4달라 부터 개웃기네 ㅋㅋ
285,달파란,젊은친구 나믿고 떠블로가~!심쿵 ♡살다살다 광고 클릭해서 몇번보는건지ㅋㅋㅋㅋㅋㅋ
286,너른골,사딸라도 숨어있네ㅋㅋㅋㅋㅋ
287,시링띠링,광고 떠서 들어온건 첨이닼ㅋㅋㅋㅋㅋㅋㅋㅋ
288,스타워즈덕후,0:15 0:19 이들 가운데 스파이가 있는것 같은?
289,참새의일기장,버거킹이 저번 사달라도 그렇고 시대의 흐름을 아네 ㅋㅋㅋㅋㅋ
290,말쿠19,묻고 내 구독자 2배로 가!
291,갓갓갓,뜨자마자 허겁지겁왔다 ㄹㅇㅋㅋㅋㅋ
292,hyominAhn,그래 이거지ㅋㅋㅋ
293,성질난미소,ㅋㅋ 미치겠다 철용형도 미치겠는데 사딸라 영철샘 깨알같이 등장하네ㅋㅋㅋ 젊은친구 나믿고 더블로가 할때보세여ㅋㅋ
294,정재백,야발 광곤데 썸넬보고 어케안들어오누 ㅋㅋㅋㅋㅋ
295,랔돜,0:16 뒤에 노랑정장0:20 4번째 노랑정장이를 통해 4딸라인것을 알수 있다
296,에어린,킹거킹 유튭활동도 열심히하눜ㅋㅋ
297,JhL,ㅇㅇㅇ ㄷㄹㄱ
298,수박맛탄산,무슨 광고 조회수가 300만이 넘네ㄷㄷ 근데 진짜목소리 좋으시다ㅋㅋㅋㅋ 한번 들음 못 잊을 보이스
299,뚱티즈,이따 날밝으면 버거킹 먹으러간다ㅋㅋㅋ
300,mcatorr,수트도 더블..셔츠까지 블루네ㅋㅋ
301,안준현,굿~곽선생님 흥하세요
302,개간디,이 cf나올것 같드라ㅋㅋ
303,이정현,오~돌아왔구나 곽철용이
304,HenryWilliams,"Wait, Burger King is also in Korea?! I thought, it was just in North America."
305,평범한일반인들을위하여,오늘만 5번 봤어
306,악크미,게시 하루만에 조회수 459만 ㄷㄷ
307,김석현,묻고더블로가 ㅋㅋㅋㅋ
308,배그는비누지,젋은 친구 나믿고 더블로가 ㅋㅋㅋㅋㅋㅋㅋㅋㅋㅋㅋㅋ
309,머하디닉넴,아버거킹땡기네ㅋㄱㅋ ㄱㅋㄱ ㄱㄱㄱ
310,순둥제리,ㅋㅋㅋㅋㅋㅋㅋㅋㅋㅋㅋ믿고...더블로... 함 먹어봐야것는디.....ㅋㅋㅋㅋ
311,김갑환,ㅋㅇㅋ
312,진주,버거킹 모델들 다 호감 ㅋㅋㅋ 아이돌안쓰는게 좋네
313,냥덕스파하는,광고를 미친ㅋㅋㅋㅋ 애플이냐 개잘만들었네ㅋㅋㅋㅋ
314,야김두한부끄럽지도않은가,나중에 사딸라vs더블로가 이걸로 광고 나오면 좋겠네요 ㅋㅋ
315,정동수,ㅋㅋㅋㅋㅋ 이분 정말 ㅋㅋㅋㅋ
316,잡다한정보공유,ㅋㅋ개웃기네 ㅋㅋ
317,농담반장난반,광고 잘만들었네 ㅋㅋㅋ 사무실 옆자리에 버거킹들어오던데 자주가애겟네 ㅋㅋ
318,D.H.MOON,ㅋㅋㅋㅋㅋㅋ
319,라이언벅스,드뎌 강림하셧구나ㅋㅋㅋ
320,임동건,0:07 여자분 왤케 어색하지?
321,JPJollybean,광고를 찾아서 보네ㅋㅋㅋㅋㅋ 조만간 버거킹 가줘야겠네
322,이상운,형님 기다렸습니다.
323,DawonJang,버거킹 아주 맘에 들어~
324,FeverTime,진짜 찐은 다르네;
325,LyDia,아니ㅋㅋㅋ 이거자체가.광고라서 광고없이 바로재생되는게 너무졓아ㅜ
326,김바다,곽철용의 위엄 ㅎㄷㄷ
327,김단우,심영: (0:15 0:19) 혹시 김두한 맞소?김두한: 사딸라....곽철용: 사딸라... 이게 내 결론이다..
328,ForLoveNoCity,결국 찍었네 ㅋㅋㅋㅋㅋㅋㅋㅋㅋㅋㅋㅋ
329,Seok.H.Park,결국 나왔넼ㅋㅌㅋㅋㅋㅋㅋㅋㅋㅋㅋ
330,걓걓햫햫,ㅋㅋ 4달라 아재도 보이네 무슨 버거킹 유니버스냐??ㅋㅋㅋㅋ
331,동튼다,광고를 찾아서 3번보게 될줄은ㅋㅋㅋㅋ
332,남성,알바야~! 버거 하나 질러봐. . .!!
333,카도야츠카사,곽철용!!!!!! 곽철용!!!!! 곽철용!!!!!!
334,juicycoolguy쥬시쿨가이,버거킹안에 약빤놈이 있다 이게 내 결론이다.ㅋㅋㅋㅋㅋ
335,L이이Jᅵᄂsᅮ,마케팅 성-공
336,ᄋᄉᄋ,영상나온지 이틀만에 280만 ㄷㄷ역시 아이언드래곤
337,belIsa,😍😍😍😍😍😍😍😍😍😍😍😍😍😍
338,socialproblemTV,내가 버거킹 유튜브채널을 들어올줄이야ㅋㅋㅋㅋ 왜 또 조회수는 하루만에 570만회인뎈ㅋㅋㅋㅋㅋㅋ 진짜 버거킹한번 가야겠다 ㄹㅇ 철용이형님 봐서라도
339,PaulChung,형 드디어 찍었구나? ㅋㅋㅋㅋㅋ
340,ZZZ,똑똑한 마케팅부
341,도도냥이,ㅋㅋ 결국 나왔네 ㅋㅋ
342,KinamYun,철용이형 커여어~
343,최대수,오래오래 사십쇼... 오래오래 보고싶습니다..
344,장영준,광고주 아주 칭찬해~~ 😁😗탑아이돌뿌리는 치킨광고보다 콘티잘짠게 대박나는 좋은 예!!
345,송준섭,1빠용
346,SSiKiM,김영철에 이엌ㅋㅋㅋㅋㅋ곽철용까지....
347,팀러TEMRER,와.... 김영철 4딸라에 이어서 철용좌까지... 대단하다 버거킹
348,이영재,광고 조회수 봐봐 ㅋㅋㅋㅋㅋㅋㅋㅋㅋㅋㅋㅋㅋㅋㅋㅋㅋㅋㅋㅋㅋㅋㅋㅋㅋㅋㅋㅋㅋㅋㅋㅋㅋㅋㅋㅋㅋ
349,riLee,Finaly
350,박성재,네네치킨은 돈 없어서 더블비로 대체했는데역시 킹갓엠페러울트라슈퍼충무공 버거킹은진짜 곽철용님으로 광고찌네ㅋㅋ
351,RK,아니 근데 김응수 배우님. 타짜 1편이랑 거의 똑같으신데ㅋㅋㅋㅋ
352,소소리소소리,ㅁㅊㅋㅋㅋㅋㅋ
353,김유,바거킹 마케팅팀 보나스 두둑히 줘라ㅋ 매번 대세 기가맥히게 캐치하는데
354,현대홍보팀,0:16 ㅋㅋㅋㅋ뒤에 노란수트 사딸라 김영철이네 ㅋㅋㅋㅋㅋㅋㅋㅋ깨알같아 섬세함
355,킴루딘,광고 보려고 누른적은 첨이야ㅋㅋㅋ
356,꼬마티탄,이걸 원했어!!!
357,좀만잘게,이걸 해내넼ㅋㅋ
358,상후니,ㅎㅎㅎ 잘만들었다
359,현밍,철용 아저씨 좋은사람👇🏻
360,오징어,ㅁㄱ ㄸㅂㄹ ㄱ!
361,MinsuKim,살다살다 내가 광고를 검색하네 진짴ㅋㅋㅋ
362,jti,진지바리~진지바리ㅋ
363,박철희,와 중독성 쩐다 ㅎ
364,우럭의과학채널,ㅁ아니? 이게???
365,팍하고확해서슉!!,광고를 들으려고 클릭했다니 자존심상한다 ㅂㄷㅂㄷ
366,LoseYourself,철용님....아저씨 믿고 사막을게용...🍔🍔🍔🍔🍔
367,임동현65,대박이네ㅋㅋㅋ
368,아쟁총각,우리 곽형님 믿고 더블로 가야겠다~~~
369,hyunkim,ㅋㅋㅋ 진짜 광고보려고 클릭한적은 처음
370,아이돌,햄버거 프랜차이즈 대표 3사중에 버거킹이 젤 선두쳤네 ㅋㅋㅋㅋㅋㅋ '더블'들어가는 버거는 세 곳 다 있는데 ㅋㅋㅋ
371,최재훈,타짜 ㅋㅋㅋ
372,알수있음,ㅋㅋㅋㅋㅋㅋㅋㅋ 저번엔 김두한이더니 ㅋㅋㅋㅋ
373,neverever,알바 귀엽다
374,윤재욱,ㅋㅋㅋㅋㅋㅋㅋㅋㅋㅋㅋㅋㅋㅋㅋㅋㅋㅋㅋㅋㅋㅋㅋㅋㅋㅋㅋㅋㅋ더블로 갘ㅋㅋㅋㅋㅋㅋㅋㅋㅋ
375,알아서피해라,"아니 근데 첫대사 영화에 나온걸 복붙 한거야, 다시 한거야..? 너무 똑같은데..?"
376,신민수,광고보고 버거 사먹은건 처음이다ㅋㅋ
377,ㄱ째성,너!다음에 한번 더 사먹어~
378,Neon,뻔하고 진부한데 배우 덕분에 재밌네 ㅋㅋㅋㅋㅋㅋㅋㅋㅋㅋ
379,파이크,버거킹 패러디에 재미들렀나 사딸라도그렇고
380,최연수,성지순례하러 왔습니다
381,vrrud,간절히 바라면 온우주가 도와준다더니 진짜 나오네 ㅋㅋㅋ
382,Eddiejin,그런데 버거킹 직원 역할 한 분도 연기 잘하시네요👍  손가락 올리실때 영혼이 있음👍👍👍
383,냉혈빛,하루만에 400만 조회수....?
384,ZZZ,저 노란양복 김두한 아님?
385,Mon,결국 CF찍으셨네 ㅋㅋㅋㅋ
386,restart,버거킹 광고담당 약 빨았나ㅋㅋㅋ전에 4딸라도 하더니
387,키위,00:16  뒤에 사딸라 아조씨
388,룰루랄라,0:15 0:18  사딸라좌 나옴 ㅜㅜ
389,둥이둥이,버거킹가서 일하는분들한테 감튀하나만 찔러보라고 하고싶다 ㅋㅋㅋㄱㄲㅋ진상중에 진상일듯
390,Onnurisystem,철용이 형만 믿고 이젠 와퍼말고 더블로 갑니다
391,정민기,ㅋㅋㅋㅋㅋㅋ드래곤형땜에보러왔네 ㅋㅋㅋ
392,배성길,대박 상상만하던게 현실이되었네요.
393,정성찬,철용 형님은 목소리가 간지다 진짜 중저음
394,페를,이야~~
395,배추배추양배추,아이템좌 예언 성공ㅋㅋㅋ
396,페가수스,변산체 되기 싫어서 오늘 점심으로 먹었습니다 회장님
397,듀얼엣지,진짜 되네;;
398,스틱건스,김두한의 이어 곽철용 씨까짘ㅋㅋㅋ
399,오승환,살다살다 광고 보려고 들어오네ㅋㅋㅋ
400,이혜준,이걸 기다렸습니다...이게 내 결론이다.
401,메자,ㅋㅋㅋㅋㅋ 이거지
402,HEIZEN.,"어이 젊은 친구...""ASK AND GO TO 'THE BLUE'."""
403,shhan,오늘 X도X드 들어갈려다가 버거킹에서 먹었음 역시 버거킹
404,이상용,드디어 왔다 철용좌!
405,Mr.kim,사장님 지금 몇개 연속 먹었습니까~~
406,이성진,와..... 광고까지 찍으셨네.ㅋㅋ너 네 밑에서 정규직으로 일할 생각없냐? 알바몬. ㅋ
407,배지원,버거킹 열일하네옄ㅋㅋㅋㅋㅋㅋㅋ근데 패티가 더블이라니 궁금해서라도 사먹어 볼게요!!
408,이현민,오오 징자 광고까지 ㅎㅎ응수배우님 축하드립니다.
409,ᄋᄉᄋ,전부터 느꼈는데 주문 받는분 왤캐 이쁘심
410,뚠뚠뚠,ㅋㅋ 미쳤다 역시 믿고보는 응수형
411,UkK,진짜 광고 보려고 들어온적은 처음이네 ㅋㅋ
412,건들,아니 저번에 사딸라도 그렇고 이번에도 ㅋㅋㅋ
413,이름성,응수좌 햄버거광고 진짜 나왔네 ㅋㅋㅋㅋㅋㅋㅋ 존나웈겨 ㅋㄱㅋ
414,에이치효MusicinLove,와ㅋㅋ광고클릭
415,동춴,아 드디어나오네 편——안
416,이현경,ㅋㅋㅋ 광고보려고 누른건 처음이야
417,박세라,근데 밈이 뭐예요?
418,singosai,곽철용 아저씨 진짜 개좋아
419,징역?`,아조씨 ㅜㅜ 햄버거에다가 3억 태웠을거  같아
420,gfd4f,0:17 이 익숙한 노랭색 옷 입은 남자는 혹시 4딸라?
421,하이하삼요,진짜 광고는이렇게만들어야한다ㅋㅋㅋㅋㅋ광고를클릴하고싶어지게 ㅋㅋㅋㅋㅋㅋ신구:니들이게맛을알아?양미라:롯데리아 라이스버거  김응수(곽철용): 묻고더블로가!확실히....햄버거광고가재밋네?
422,화팅화티팅하자,누가 철용사마 ㅋㅋㅋ데려가나했는데 ㅋㅋ버거킹이였네 ㅋㅋㅋ
423,경두,영상 올린지 하루만에  600만 찍는 광고가 있따?
424,sanghunyoon,곽철용이다 ㅋㅋㅋㅋ
425,주머니,갓버킹 광고도 잘 찍어 ㅎㅎ
426,매튜,맥날도 안되.. 맘터도 안되..이안에 버거킹이 있다는게 내 결론이다..ㅋㅋ어이 젊은 친구신사답게 더블로 해~~ㅋㅋ
427,웅쨩,광고 보려고 일부러 들어온거 나만 그런거 아니구나 ㅋㅋㅋㅋㅋㅋㅋㅋㅋㅋㅋㅋㅋㅋㅋㅋㅋㅋㅋㅋㅋㅋㅋㅋㅋㅋ 다행이다 ㅋㅋㅋㅋ
428,Minsoo,원조는 울림부터가 달라...
429,maplawer,ㅋㅋㅋㅋㅋㅋㅋㅋㅋㅋㅋ 트렌드 ㄹㅇ 잘따라가누
430,dmsxo_01,마지막에 젊은친구 앞에 잇는분이 4딸라라고 외칠것 같은것은 기분탓?......
431,花ASTRO,김두한 다음으로 위대합니다 선생!!
432,리틀포레스트,ㅋㅋ
433,문철승,ㅋㅋ
434,shinhwaKang,ㅋㅋ
435,이종윤,아 이거 곽철용 영상에서 누가 철용이형 패티 더블로 가 이러면서 버거 광고찍을듯 했었는데 ㄹㅇ이네 ㅋㅋ성지순례가야지
436,7ᅢ두식,ㅈㄴ웃기네 ㅋㅋ 철용좌  살다실다 유튜브에서 광고 클릭해서 들어온건 처음이네 ㅋㅋㅋ
437,남ᄃᆞᄂ,ㅋㅋ광고랑 딱이네ㅋㅋㅋ
438,WupaLupa,여윽시 빠른 섭외 ㅆㅅㅌㅊ
439,100억사나이,ㅋㅋ 여자왜이리  귀엽냐
440,피콜로,진짜 광고찍었네요 대박
441,다크나이트,버거킹 광고 컨셉 ㅋㅋㅋㅋㅋㅋㅋ 사딸라부터 시작해서 이런쪽으로만 가는거냐 ㅋㅋㅋㅋㅋㅋㅋㅋ
442,silurobreeze,이거 1달 전쯤에 촬영하던데
443,JaeSeokLee,이 버거 제가 잘 먹겠습니다 신사답게
444,WarBand,go the blue ㅋㅋ
445,KEVINWILLIAMS,젊은 친구， 신사답게 더블로 가~!
446,MyuaYu,버거킹은 항상 광고모델이 넘 좋음♡♡
447,아수라발발타,이이상 살릴수가 없다. 워낙 그전에 떠서..
448,신도리머,나도 보러옴 첨이당
449,w용가리,버거킹 4딸라때부터 알아봤어야했아
450,죽여줘,드디어 묻고 더블로 가는 패티~~!~!~!~!
451,단단한돌맹이,ㅇㅇ
452,종원,노랑옷 김두한 아닌교? ㅋㅋㅋ
453,양갱스터,사달라에 묻고 더블로 가!더블 패티에 4900원~빠라 빠 빠 빠~
454,dhc34c,내가 이 묻고 더블로 가! 때문에 구독한다..
455,규리랑카,ㅋㅋㅋㅋㅋㅋㅋ 광고볼라고 왔소이다
456,금과나무박성호,"4딸라!!! 김영철 님 다음으로묻고 더블로가!!! 김응수님 이시네요!광고 위트있고 좋습니다 김응수님, 화이팅입니다~~~~^^"
457,양봉식TV,유튜브에서 광고를 클릭해서보다니 세상에자다 일어나보니 아이언드래곤 세상이네
458,JWKim,응수행님 목소리 ㄹㅇ 간지터짐... 상남자
459,최주동,이봐라 이거누군 임마! 더블패티 안먹어 본 줄 알아~
460,매로나,zㅋㅋㅋㅋ광고들어온적처음이닥
461,박봉수,따따불로 과~
462,노박맛나는호란고구마,버거킹 사딸라에 ㅇㅣ어서 ㄷㄷ
463,굇수고양이,저도 더블로 가겠습니다
464,SeeyaPassionTimes,진짜 광고 찍으셨네 ㅋㅋ
465,하냑,아 버거킹 마렵다!
466,진흐아,노란색 자켓 4딸라 김영철 배우님이시져?ㅋㅋㅋㅋㅋ
467,김건우,직원분 정유미말투에 목소리 닮으심 ㅋㅋㅋ
468,난닭부계,ㅋㅋㅋㅋㅋㅋㅋㅋㅋㅋㅋㅋㅋㅋㅋㅋㅋㅋㅋㅋㅋㅋㅋㅋㅋㅋㅋㅋㅋㅋㅋㅋㅋㅋㅋㅋㅋㅋㅋㅋㅋㅋㅋㅋㅋㅋㅋㅋㅋㅋㅋㅋㅋㅋㅋㅋㅋㅋㅋㅋㅋㅋㅋㅋㅋㅋㅋㅋㅋㅋㅋㅋㅋㅋㅋㅋㅋㅋㅋㅋㅋㅋㅋㅋㅋㅋㅋㅋㅋㅋㅋㅋㅋㅋㅋㅋㅋㅋㅋㅋㅋㅋㅋㅋㅋㅋㅋㅋㅋㅋㅋㅋㅋㅋㅋㅋㅋㅋㅋㅋㅋㅋㅋㅋㅋㅋㅋㅋㅋㅋㅋㅋㅋㅋㅋㅋㅋㅋㅋㅋㅋㅋㅋㅋㅋㅋㅋㅋㅋㅋㅋㅋㅋㅋㅋㅋㅋㅋㅋㅋㅋㅋㅋㅋㅋㅋㅋㅋㅋㅋㅋㅋㅋㅋㅋㅋㅋㅋㅋㅋㅋㅋㅋㅋㅋㅋㅋㅋㅋㅋㅋㅋㅋㅋㅋㅋㅋㅋㅋㅋㅋㅋㅋㅋㅋㅋㅋㅋㅋㅋㅋㅋㅋㅋㅋㅋㅋㅋㅋㅋㅋㅋㅋㅋㅋㅋㅋㅋㅋㅋㅋㅋㅋㅋㅋㅋㅋㅋㅋㅋㅋㅋㅋㅋㅋㅋㅋㅋㅋㅋㅋㅋㅋㅋㅋㅋㅋㅋㅋㅋㅋㅋㅋㅋㅋㅋㅋㅋㅋㅋㅋㅋㅋㅋㅋㅋㅋㅋㅋㅋㅋㅋㅋㅋㅋ
469,pangpang,11일에 나왔던거 같은데
470,세무조사중,ㅋㅋㅋ  광고 끝까지다봄 멋지셩
471,룰루Lulu,이건 100만보고 보고 또 보러가!
472,김동건,패티 묻고 더블로가!
473,전예준,???: 묻고 더블로 가
474,황정현,드디어 광고가 나왔다 속이후련.. 후우
475,엘얄루,이제야 나왔네ㅋㅋㅋㅋㅋ
476,AlphaGwon,4달라 편도 레전드였는데 이것도 레전드네 ㅋㅋ
477,Closor,이형 데뷔했누
478,수입육정과장,곽철용 흥해라~~~
479,노을빛하늘,다들 곽철용 행님에 주목하시니 저는 다른 부분을... 알바로 나오시는 분 짱귀욤
480,참착맨,김응갓 아이언드래곤 그자체네 ㅋㅋㅋㅋㅋㅋㅋ
481,Xenon54,사랑해요 곽철용
482,jjojjo,광고보려고 나도 ..ㅎㅎ
483,Carpediem,철용형님은 믿고 본다.믿고 더블로 가!이게 내 결론이다.
484,삐연{06}_,묻고더블 저거 영상볼때 햄버거 패티?? 2개로 묻고더블버거 광고 해달란 댓있었는대 ㄹㅇ 해주네
485,택,광고 보려고 일부러 온 거 처음인 척 지리쥬...
486,PhilipCha,김응수 배우님 때문에 들어와서 영상봅니다. 버거킹의 탁월한 선택 !!
487,댓글보며팝콘먹기,이건 영상 앞에 광고로 뜨면 대부분 스킾안할듯
488,마포대교,버거킹아 나도 좋아하는 버거가 있다..이런식으로 자꾸 맛있는버거만들면 그땐 내가 VIP가 되는거야!
489,모하메드압둘,광고 볼려고 직접 영상에 들어온건 처음이네 ㅋㅋ
490,정민,나도 답글 달아주세요 버거킹님😆
491,박정규,패스트푸드는 버거킹이다 철용옹 좋아요
492,김영광,아이언 드래곤 굿!
493,머쩌라고,헐 ㄹㅇ 했네
494,YagamiIori,철용형님과 버거킹 믿고 더블로 가다가심하게이득봤습니다!! 감사합니다!!!
495,CARP,정말 위대합니다 버거킹선생!!
496,사쟁씌,진짜로 만드네 ;;;
497,호기소,예 더블로 가겠습니다
498,최지수,광곤데 검색해서 왔습니다.
499,화살,브롤스타즈 이병헌 광고 이후로 처음입니다  찾아서 보는거는 ㅋㅋ
500,진우성,ㅇㅋ 내일은 이거닼ㅋ
501,상풍,나중에 버거킹에서 황정음이 치즈버거 광고로 출연했으면...
502,마음가짐,광고를 클릭하다니...... 스벌
503,Mizuchi,ㅋㅋㅋㅋ 이형님이 묻고더블로 갈정도면 먹어줘야되는데ㅋㅋ
504,이당선,그새 바로 섭외하셨군
505,불펌러들보면짖어요,이봐 젊은이 신사답게 행동해더블로god!!
506,박철현,2020년에는 더블과사딸라 같이만나죠. OK?
507,달려라콩가tv,곽철용 쵝!!
508,IloveLily'sfamily.,우리반에서 묻고 더블고가 유행인뎈ㅋ
509,_vishera,"이봐 젊은친구, 버거란게 말이야 칼로리가 쌔거든~"
510,최승헌,노란색 셔츠 입으신분 김영철 씨네 ㅋㅋㅋㅋㅋㅋㅋㅋㅋ
511,Lauv,뭔데 광고영상이 하루만에 조회수가 이래나오냐
512,문상덕,상상했던일이 현실로 좋습니다 버거킹
513,엔비루,간간히 보이는 노란옷을 입은 사람은 지난 광고에 나왔던분 맞죠?
514,오오오,철용곽 ㅋㅋ
515,처깅턴유튜브,저번엔 김두한이번엔 곽철용 ㅋㅋㅋ이제는 심영 나오겠네
516,황금망토배찌,김응수 김영철 신구 그들은 대체 진짜 아이돌보단 이런분들이 광고 많이했으면 좋겠다
517,•sexy,와 23시간전인데 400만회가 가능하냐? 철용이형 대단하네
518,Orion,와 김두한 ‘사딸라’에 이어 또 재미있는 광고 하나 나왔네요ㅋㅋㅋ
519,수홍아빠,광고 당겨서 다시 보기는 처음이네. 더블로 고고~^^
520,유대환,유툽 들어갓는대 메인 상단에 떡하니 있누
521,binj,결국 찍으셨군~!
522,익히,쳐다도 안보는 광고를 클릭해서 들어오게 하시는 철용이 형님...
523,Realism7777777,짧고 굵고 강력한 광고네요. 타짜3 개봉하고 영화 채널에서 타짜1 보여줬을 때 너무나 강력한 곽철용의 포스! 햄버거 더블 관심 가네요. 타짜1은 영원한 명작입니다.
524,김부금,이거그냥올려도조회수빠방하게나올텐데ㅋㅋ
525,미래에서온인간•100년후,타고난 선택
526,칼바도스칼바도스,재밌다 ㅋ이런 광고를 만들어야지~
527,김선비,옆동네가게 니들이 게맛을 알아 이후 첨으로 광고보러 들왓네ㅋㅋㅋㄱ
528,루시페르,철용형님 짱
529,비오는날오후,광고를 보려고 직접 찾아들어 오다니...
530,홍,아니 버거킹 더불 하는데 도박 하는줄 알았잖아 ㅋㅋ
531,나위해살시간이없다,ㅋㅋ살다살다 이늠 광고 참말로 희안하네
532,김현욱,믿고 더블로 가겠음다~~~
533,김현진,내가 이렇게까지 광고하는데.. 안먹으면..  마 ~~ !! 그땐 내가 깡패가 되는거야 ~~ !!!
534,훈이다,진작에 나왔어야지 ㅋㅋㅋ
535,이준형,전에 라디오스타인가? 거기서 농담으로 하셨던 멘트가 현실이 됬엌ㅋㅋ
536,AQUABLUE,유튜브에 새로운별 아이언드래곤 성님 드디어 버거킹에 입성하셨군요 환영합니다
537,YoungJinCheun,"왜 영상 하나야, 더블로가"
538,콜렉트콜,광고보고 재밌어서 자주 사먹으러 가야겠다
539,DY,진짜 광고를 들으려고 클릭한적음 첨이네 ㅋㅋㅋㅋㅋㅋㅋㅋ
540,성준,오늘 바로먹으러 갑니다
541,박정수,광고를 클릭해서 볼 줄이야...
542,옴뇸뇸,굉고 보러 왔슴다 아이언 드래곤 행님
543,충남쏜,묻고 더블로가~~
544,JehoMoon,믿고 더블로 가보겠습니다 철옹좌님
545,소울오브닐,끔찍한게 뭔지 압니까?집 근처에 버거킹이 없어...ㅠㅠ
546,ShanoKim,버거킹 빠른데? ㅋㅋ
547,강남빌딩제이윤의,뒤에 사딸라아저씨 ㅋㅋ
548,마나포션,역시 발성이... 저음인데 소리가 저렇게 힘 있고 깔끔하고 밀도 있을수가
549,여중석,자네 믿고 우째 더블로 가냐 ㅋㅋ
550,정진이,이거보고 오늘 저녁 버거킹 주문했다...
551,나명수,내가 달건이 생활을 열일곱에 했다지금 ~~  나뿐이이야
552,aa,타짜는 아이언 드래곤 스핀오프 만드는게 차라리 낫겠다
553,annikinsky,그럼 이버거 제가 다 먹습니다~  신사답게~
554,ralse,묻고 더블로가!!!!
555,EPIC_FACE,ㄹㅇ 나왔네
556,샤크스트TV,좋아요~🙏🏻👇👍
557,야타,광고 중독성있네 이거 ㅋㅋㅋ
558,TOP,물 들어올때 노 저을줄 아는 버거킹ㄷㄷ
559,최현준,아이언드래곤!
560,짬밥TV,묻고 떠블로 가!!
561,PagonDel,하루만에 조회수 미쳤누
562,조건희,"야 고니야, 감튀 하나 찔러봐라"
563,Bean,4달러보다 잘 만든듯
564,강백호,버거킹 먹자~
565,`홀딱거힝,ㅋㅋㅋㅋㅋㅋ 내가 무의식 적으로 광고를 클릭했네 ㅋㅋㅋ왠지 모르게 끌렸다는 전설이 전설이 전설이 ... ~
566,수입육정과장,광고란걸 알면서 클릭했어 ㅎㅎㅎㅎ
567,Wseo,너무좋아
568,HarryChoi,"공익 광고 하나 기대 합니다""어이 젊은 친구,신사답게 행동 해."""
569,김채현,4달라형 언제나오려나 ㅋㅋ
570,개간지김용현,결국 이게 만들어지네 ㅋㅋ
571,아데마르공작,응수좌.. 승승장구하시길 기원합니다!
572,크키,"버거킹이 물들어올때 잘하는듯 ㅋㅋㅋㅋㅋ 그냥 우스갯소리로 곽철용 쓰자했던걸 진짜로 해는거보면,, 광고기획자의 이런 자세 참 좋아요 ㅎㅎ"
573,ShadowSovereign,Pota bakit wala to sa menu sa pinas ?
574,최상덕,대박!! 곽철용이라니.. 역시 믿고보는 버거킹 광고네!
575,YoungMoKim,미친 ㅋㅋㅋ 내일 점심은 버거킹이다!!
576,ᄋᄉᄋ!,변사체될까봐 사러간다...
577,양승민,ㅋㅋㅋ 김두한때도그렇고 광고 너무 재미있는거아님 ㅋㅋㅋ
578,깨진사과,타짜3 재평가네ㅋㅋ 응수옹 밥사셔야겠는데
579,박준서,이 집 인싸인가...? 트랜드 맛집이네
580,JHHwang,사딸롸!~~~
581,주주,내 감자튀김 어딨어..? 아 모르시지!
582,Helldic82,드디어 곽철용 광고 나왔네 ㅋㅋ
583,한명욱,이 광고 보고서 롯데리아 제끼고 맥도날드 보내고 KFC 죽이고 버거킹으로 간다!!!
584,ᄃᄒ,드디어 아이언드레곤이
585,sugar,야~ 올데이킹은 무너졌냐?
586,으리으리,이 햄버거는 제가 먹겠습니다 신사답게
587,이기웅,형님믿고 더블로 갈께여 오늘 햄버거하나사먹어야지
588,kronik,광고 눌리고 싶은 충동은.첨이다 ㅋㅋㅋㅋㅋㅋㅋㅋㅋㅋㅋㅋ 광고 잘뽑았네
589,JiHyoungLee,그럼 햄버거는 제가 먹습니다... 신사답게...
590,송원이,드디어 이 cf가 나왔구나
591,생각의자,예형님
592,드라마라인프로듀서_이주홍,믿고 더블로 가!
593,신똥쟁,좋아요가더 많은 광고는 오랜만이네..
594,배현성,드뎌광고를절대동안(만18세때미모) 드래곤K(곽철용 김응수)
595,휴지바께모태,Ask and go to the blue
596,진수사실원반,해쉬스완 나와서 해쉬브라운 광고 하면
597,김덕수,야!~ 나도 보험들고 다 산다 니가 버거킹을 안먹어주면 그땐~마 ! 내가 깡패 가되는거야~마!
598,곽철용,먹고 더블로가!
599,JiAYJ,👌🏻
600,MiracleJJ,ㅎㅎ 광고효과있는만큼 우리모두 사먹어요
601,Sungue,타짜삼이 쏘아올린 작은공ㅋㅋㅋㅋㅋㅋㅋㅋ
602,산나국,믿고 두번 보고 간다
603,a응큼늑대,젊은 친구  신가 답게 행동해
604,이왕건,조회수 쭉쭉오르네   곽철용좌 임팩트 ㄷㄷ해
605,진실의방TV-세상모든진실을밝혀드림,아늬... 진짜 이걸 만들다니 ㅋㅋㅋㅋㅋㅋㅋㅋㅋㅋㅋ대박ㅋㅋㅋㅋㅋㅋㅋㅋㅋㅋㅋ
606,최영민,"광고를 보려고 클릭하고 들어간 것도 처음인데, 몇 번을 반복해서 보는거야!!ㅋㅋㅋ"
607,엔몬Ěņģēł_Đêmøń,니가 내 패티를 건드리며는마! 그땐 맥도날드가 되는거야1
608,RicardoMilos,오늘 버거킹이다
609,곽철용,누군뭐 패티두장 안먹어본줄알어?
610,fumkinG.,버거킹은 뭘 알어 확실히 ㅋㅋ
611,쁫사-이저,1초도 안망설이고 바로들어왔쥬
612,상상도못한정체,마참내!
613,베르디,ㅋㅋ결국 이광고 나왔네
614,보이쉬한뷰티,진짜 저렇게 주문하면 직원도 저렇게 받아줄까?
615,JJMOTORCAR2,내가 버커킹을 먹은지 17년이됬다..그 100중에 나처럼 광고 찍은 사람은 나뿐이다
616,··,쥔쥔뽜리 쥔쥔뽜
617,우우뿌,내가 집에서 혼자 따라해 본 명대사1.타짜 - 묻고 더블로 가!2.해리포터 - 윙가르디움 레비오우사3.어벤져스 엔드게임 - 어벤져스!!!! 어쎔블
618,스티브잡스,ㅎㅎ
619,LionKang,"""내 진즉 처리했어야 하는건데 햄버거는 버거킹이야"""
620,JWC,버거킹 역사상 최고의 영입
621,김호재,광고 좋다
622,لاتغركضحكتيكلهدموع,😘😘
623,아무도아닌자,크으...
624,TOMA,내일 점심음 더블이다!!
625,기블네랑스,ㅁㄱ ㄸㅂㄹㄱ
626,jhH,점원 손모양따라하는거 졸귀탱 ㅋ 나만 그런가요
627,ᐛ돈까스윙스,하 보이지마자 바로옴
628,WoonieKim,근데 맛잇겟다 패티두장에 해쉬브라운이라니
629,샷적중,댓글은 1.6인데 조회수는 더블을 넘어섰네
630,카트루,4달러 형님 막을 내리고 철용이 형님 전성기 이군
631,늅늅씨,철용이가 드디어 광고를회장님 더블이 막힐거같습니다묻고 트리플로가
632,래몬슈가의병맛세상,저번 에는 김두한에 이어서 이젠 곽철용?
633,동대문쿤,아 또 나오네저번에 사딸라 할때도 진짜 그러더니;;버거킹 가야지
634,익명,묻고더블로가!
635,PKM119,묻고 더블로가!
636,강지원,묻고 더블로가!
637,보리멸,그러고 보니 저 뒤에 양복을 입으신분은 어디서 많이본... 김두한?
638,Styx,광고도 더블로 봤습니다
639,대충입자,그래 철용아 너믿고 한번 배팅해본다
640,소비에트테러리스트404,최고의 광고이다 이게 내 결론이다.
641,박성진,광고 들으려고 클릭한건 사달라이후 오랜만이네요.
642,쭈얀,베라 이후로 광고를 보려고 직접찾아온것은 처음이야...
643,하성표,이제 나오는구나 ㅎㅎㅎㅎㅎ
644,강현준,패티 하나에 사딸라를 태워~? 묻고 떠블로가!
645,윤인권,묻고따블로가??☝ (^0^)==☝     ☝(^0^)==☝묻고따블로가!!
646,방개약,다음은 궁예인가?
647,두둥,"와...조회수 308만 광고다...이광고가 어떻게 여기까지 왔냐?라이즈 오브 킹덤즈 재치고,왕이 되는자 재치고,중국인 더빙게임 다 죽였다..."
648,jihoonlim,광고들으려고 클릭해서 들어와본것도 처음이고한번더 클릭해서 또 들어와본것도 처음인사람 ?
649,S.J.Kim,ㅋㅋ 광고를 무한 재생중이네 ㅋㅋ
650,vvvuZsz,드디어 나왔네버거킹이 확실히 광고컨셉 잘 하는듯
651,JasonPark,좀더 길게 만들면 재미있을듯 ㅎㅎㅎㅎ
652,치킨텐더,4달라.묻고더블로가  버거킹 세계관 확장
653,TeamScania,사딸라부터 철용좌까지 버거킹 이시키들 뭘좀 아네ㅋㅋㅋㅋ
654,닭갈비먹다걸린닭,지난번엔 4딸러더니만 요번엔 묻고 더블이냐
655,soonbaekh,노랑색 정장 아재 뒷모습 자주 나오네 ㅋㅋ
656,orion-,버거킹 사랑해요
657,미스터미세스,아 끝에 방터졋네
658,하르트라인,콜라보 영상 예상해봅니다.사딸라~ 더블로가
659,JINSK,드디어 응수 아조씨 cf찍었네
660,김연우,이 광고엔 광고를 붙여도 합법ㅇㅈ
661,리즈,떠블로 ㄱㅏ
662,SRayLE,이정도면 광고의 저작권이 공공소유가 아닐까 싶다.
663,HangilJeong,물 들어올 때 노 저어라
664,내이름알필요잇나?,곽철용 숲노래 좋음
665,서동현,묻고 더블로 봤다
666,서정호,광고 어디서 봤는데
667,가끔이,내가 직접 검색해서 들어왔네 버거킹 티저를 다 봤는대 유튜브 알고리즘이 이걸 추천을 안하네 그럼 직접 찾아가지 머
668,줘500원만,역시 버거킹ㅋ
669,도현아밥먹자,내인생 광고에 좋아요누른거 처음이다
670,노유현,빛철용
671,진혁강,버거킹형 댓글달아줘
672,돈좋아하는송곰님,노란색옷 김두한 아닌가여?
673,최수혁,버거킹 이자식들...광고에 재능있나봐
674,김형일,그래 내가 기다리던 광고임^^
675,Xenon54,이제 야쿠르트 광고도 각인가
676,은범정이구현박,김영철 아이어드래곤 콜라보한번가자
677,삼각형,버거킹 진짜 머리 잘 굴리네
678,화봉요원,철용형님이면 믿고 가야죵
679,I'mnotgayᆞ,오늘부터 버거킹만 먹는다
680,Mr.kim,너 내 밑에서 버거 만들 생각없냐?우리같은 사람들이  세상 경우란 경우는 다 어기고 살았어도 나랑 버거는 경우 차려야지!
681,꿀꿈곰돌이,ㅇㅋ 이젠 버거킹 다녀야지
682,서태욱,"알바야, 감튀 하나 찔러봐!"
683,이상훈,드디어 나왔다 응수옹의 광고
684,WoongkyuPark,사딸라에 이어서 광고 잘 만들었다
685,오태식,이거 언제나오나했다
686,하루살이,젊은친구 나 믿고 떠블 로 가
687,〰비월향,솔직히 오뚝이다트 묻고떠블로 가 보고 들어온사람 1명쯤음 있다 ㅇㅈ? 내가 그랬음..
688,BJ론빵,묻 묻 묻묻묻묻 묻고 더블로가 파토네 적금 붓고 보험 들고 더블 더블 더블로가
689,플리,타짜...
690,돛대,와 완벽하다.. 목소리 또한.
691,어찌하리,화란아 나도순정이있다니가 이런식으로 내순정을 짓밟으면 마!그때는 내가 깡패가되는거야!내가 널 깡패처럼 납치라도하랴!
692,KTXSancheon,행사 기간 묻고 더블로 가는거 묻고 더블로 갑시다.
693,이찰스,광고 클릭하게 만드는 아이언 드래곤
694,지나가던상남자,"철용형님 더블패티 후기 망하면 ""묻고 다시가!"" 하시려나?"
695,Bluebullet,오늘 점심은 버거킹이다. 이게 내 결론이다.
696,감마,고니야...감튀 하나 찔러봐라
697,경영학플러스알파,나 믿고 더블로 가....
698,무플을보면짖는개adogbarkingwithoutcomment,Ask and go to the blue.
699,말라카이트,묻고 더블패티로 가!
700,악플의교과서김주형,어이 젊은 친구 신사답게 행동해
701,토니와쥬니,광고 댓글보러옴 ㅋㅋ
702,sprinter89,이야! 이게나옴
703,한승훈,아이언드래곤님 혹시 버거킹에게 납치됐다면당근을 더블로 흔들어주세요
704,제이,광고를 계속 보게되네 ㄷㄷ
705,Wootso웃소,왜 뒤에 사딸라 김영철씨가있지?
706,TACHANKALord,굿굿
707,AQUABLUE,16초 20초 김두한 뒤통수 까메오출연 버거킹 성님 광고좀 찍을줄 아시네 ㅋㅋㅋ이런 짤잼을 ㅋㅋㅋ
708,날강두,관철용
709,이찬희,곽철용은 흥한다이게 내 결론이다
710,서동현,조회수 뭐냐..
711,핀켓,응수짱 광고 찍었다능~!
712,고진혁,아이언드래곤 볼려고 왔어요ㅋㅋㅋㅋㅋㅋ
713,오재혁,버거킹 광고는 역시 잘만듬
714,공대생,버거킹 유니버스가 이렇게 이어지네 4달라에서 곽철용으로 ㄷㄷ 노란자켓 영철이형... 거의 마블 유니버스 급
715,아수라닭발,전설적인 명대사
716,서재원,전설의 아이언드레곤
717,加德满都,그래 형님을 믿고 더불로 가보겠습니다
718,이덕구,버거킹다음에는 뭐나올까?
719,하루,ㄹㅇ이됬네
720,규자TV,아놔...광고를 반복재생하고 있다니그사이 사딸라 영철형님 뒷모습은 으응?ㅋㅋ
721,너네어머니건강하시냐,이시간에 버거킹광고보는 내인생레전드
722,하하하,이제광고를 4달라 하고 묻고더블로가면 완벽
723,자막하는죠죠러,묻고 떠블로 가 어뜨케 하나도 안틀리고 발음까지 똑같을수가 있지
724,조상혁,제가 위가 작아서
725,콤콤TV,이야 결국은 광고 찍으시네요~~
726,유재환,버거킹 가아자 ㅎ
727,Dandilion댄디라이언,나이제 버거킹만간다
728,전자램지,맥도날드는 무너졌냐 이 섀꺄?
729,깜장콩,"오늘부터 롯데리아에서 버거킹으로 갈아타겠습니다. 곽철용 행님 믿고,"
730,박기서,나도 ㅋ
731,흑돌이TV,클릭을 안할수가 없었다
732,박하사탕&mintcandy,묻고 더블로 가!
733,LeeDavid,조만간 버거킹 가서 더블 버거 주문한다
734,김민수,아이언 드래곤은 역시 코발트블루
735,하하호호,철용이형님
736,호구,내껀 없나?? 어때 예림이~
737,장상욱,버거킹 칭찬해
738,리창룡,살다살다 광고보러 들어온건 처음이다
739,유틸러,...........므꼬?타블로가?!
740,너굴,올데이킹 하앍 묻고더블로가
741,독고다이,묻고 더블로 가
742,꿀벌댕댕,와 드디어 광고 찍으셧네 ㅡㅋㅋㅋ 사람들이 재미삼아 올린글이라고 생각햇는데.ㅡㅋㅋㅋㅋ 역시 대세구나.ㅡㅋ
743,월피스카터,버거킹..이제 던질까말까 광고만 찍으면 올해는 성공이다
744,박정규,"'묻고 더블로 가' 이걸 진짜로 광고로 만들었네.더블 올데이 킹 하루종일 5,900원??? 한번 먹으러 가야겠다 ㅋㅋㅋ이런 버거 이런 광고 안만들 이유가 없지.섭외안한 햄버거프랜차이즈들이 바보 하하😂😅😆"
745,히뜨다히뜨,미쓰리에서도 선심이 형부한테 ''신사답게 행동해'' 라고 하는데 개웃김 ㅋㅋㅋㅋㅋ
746,hyoungtakkim,상단 광고영상을 눌렀네ㅋ
747,공이사,영화도 흥행 몇년지나  광고까지 사람일은 모르는거진짜   그럴려면  준비하고있어야지
748,너천재,천하의 곽철용이가 햄버거광고한다고 알려주랴?
749,TENTENTEN,머야 광고따위에 왜 댓글을 내가달고있지.. 댓글 묻고 더블로가
750,ᄏᄏᄏᄏ,패티가 더블이야 곽철용이가 나와 버거킹이 답이다 이게 내 결론이다
751,게이머닝겐,역시 버거갓
752,이윤수,광고 보려고 클릭은 처음 ㅋ ㅋ
753,정닉,드뎌 나왓너
754,아이가남자다,광고 묻고 더블로 가 ~
755,OpJason,약 3차례에 걸친 철용좌 광고 티져 끝에 드디어 나왔네요 ㅋㅋㅋㅋㅎ 기대를 저버리지 않고 유쾌하면서 기가 막히네여 ㅎㅎ  이거 아이언드래곤 때문이라도 다음에 버거킹 가서 묻고 더블로 가보겠습다 ㅋㅋㅎㅎㅎㅎ
756,강남콩,드디어 나왔구만
757,우리커플,상업 광고 안 찍으신다더니 ㅎ
758,J.O.PARK,버거킹CF 다음 편은 펭수일 듯ㅋㅋㅋ
759,김태성,조회수 어마어마하네
760,아놕,내일 먹어봐야징
761,sghauf472,이야... 맥도날드 캐릭터가 너 왜 버거킹갔어라고 하는거보다 이형이 너... 맥도날드갔다간 변사체가 된다? 하는게 더 무섭겠다야...ㄷㄷ
762,박정현,그렇게 차를 타고 집에 가면서 담배를 찌를려다 차에 치이고 마는데
763,broly,김두한도 나왔는데...이젠 저분까지 나왔네
764,공혁준,와 버거킹 답글 일일이 달아주는거 실환가 심지어 복붙도 아니네 쩐다
765,김꼴데,구독도 더블로  클릭
766,승찬이,전에 철용이 형님이 버거킹에서 cf찍는거 누가 사진찍어서 sns에 올라왔을때 부터 광고 언제뜨나 기다렸는데 드디어 떳네요 ㅋㅋㅋㅋㅋ
767,skadbwls,아이언 드래곤을 보자마자 난 들어올수밖에 없었다고 한다..
768,EOYIK,킹 응 수
769,현칠이의행복한방송생활,영상 밑에 노란박스에 광고써져있는거 실수로 누르면 ㅈㄴ 빡쳤었는데 이건 일부러 누르게 된다..
770,카린a,광고를 클릭해서 들어와버렸다.
771,김다빈,갔다...
772,김후우,롯데리아 오징어버거 이후로 내손으로 광고 보러 들어오다니..
773,오징어,버거킹 이런건 잘하네 사딸라에 이어서 곽철용까지 ㅋㅋ
774,BandanaDee,진짜 광고 기획자 누구냐 4딸라도 그렇고 곽철용 까지 진심 댓글 하나 하나 읽어보는게 느껴진다
775,나쁜늅늅이,DC사람들 꿈이 이루어지넹
776,기모띠,저기 4딸라좌도 보이네
777,정원욱,버거 하나에 패티 둘을태워?
778,한지운,???:버거킹!
779,PAnonymous,저도 광고보려고 클릭하긴 첨이네요
780,민진,노란정장 4딸라 아저씨인가
781,엘티,회장님 식당가는 길이 막히는거 같습니다버거킹은 문닫았냐 이 셰끼야
782,ˇ수정,사딸라도 그렇고 아이언 드래곤도 그렇고 버거킹이 다 먹네ㅋㅎㅋㅎㅋ
783,도끼형,버킹아니가내money를무시하면마그땐강도가돼는거야패티트리플로가!!
784,8347abab,밈이 유행한시기보다 늦게 광고가 나온건 묻고 더블로 갈 새로운 햄버거를 만드느라 오래걸린거 아닐까요 허허
785,jha,대박
786,김민준,내가 광고를 클릭하다니..
787,ᄏᄏ,믿고 떠블로 가
788,주식관종,나도버거킹먹어야지 더블로ㅎ
789,박윤진,"사딸라에 이은 묻더블까지...버거킹 당신은 대체,,"
790,정지원,근데 이 대사 왤케 갑자기 확 떴어요?
791,l연아,묻을까말까?묻을까말까?!묻을까말까?!묻!묻!묻!묻고 떠블로가~사랑해요 아죠씨
792,5조500억,광고를 자발적으로 보냐고 ㅋㅋ
793,똥꼬쇼,버거킹 사딸라부터 알아봤다;;
794,junKKim,다음 버거킹 광고는 심영과 의사양반이 찍었으면 좋겠네요. 강력 추천합니다.
795,QuQ,버거킹이 드디어 미쳤어요
796,seungjaeyune,광고 크릭은 처음이다
797,tenderhouse,결국엔 찍었구나...!!
798,앵무새,빨리 2탄 안만들면 그땐 변사체가 되는거야
799,백련,이정재-김영철-곽철용-???다음타자는?
800,아모르파티,광고 대박이네 ㅋㅋ
801,황소교안,버거킹 대한민국 최고  버거!
802,forjex,묶고 더블로 가
803,you편집주식회사,4딸라에 이어서 묻고떠블이라니
804,이명훈,광고보려고 들어온건 처음이다
805,CHLim,젊은이 신사답게 한 줄로 서
806,DDy,물론 표정연기 감정연기도 잘하시지만 일단 기본 발성 자체가 좋으신듯.
807,증명없이사용가능,더블로 가
808,지노다이,나도 순정이 있다 롯데리아가면 나도 그때부턴 깡패가되는거야
809,Gazah1977,ask and go to the blue
810,반니스텔루이,햄버거 하나에 6천원을 태워? 5900원 이게 내 결론이다 묻고 더블로가!더블패티 올 데이 킹!고니야 감자도 찔러봐라하루종일 더블패티 세트가 5900원!버거킹!누군 임마 햄버거 안먹어본줄알암마?젊은 친구 신사답게 주문해
811,세모바지뚱이지밥,꿈에 그리던 광고가 드디어 나왔네.
812,주원,맛있겠누
813,치자나라피킨공주,철용좌...
814,VitchZena,응수좌 보러왔슴다. 광고를 직접 찾아서 본적은 27년동안 처음이네요
815,크리미뷰살빠지는레시피,광고 대유잼 햄버거는 앞으로 무조건 더블로 먹어야겠구만여
816,리라임레이티,2019년 한 해를 상반기 사딸라 하반기 묻고떠블로 화룡정점을 찍어버리네...
817,민구,오늘버거킹먹습니다
818,한기,버거킹은 ㅇㅈ
819,JiyunLee,쩐다
820,원동현,댓글이 다른곳에 올라와있는거랑 완전다르네 다 인위적이고 역시 대기업인가
821,TUNA,그나저나 여자분이쁘다
822,나다,안사멱으면 변사체가 된다  이게 내 결론이다
823,방방방,아 내일은 주문할때 더블루 주세요 해야겟다
824,크리스에반스,ㅋㅋ 응수좌보러광고 들옴
825,순범김,Ask me go and blue 아닌가
826,BroYang,변사체 되기전에 사먹어야지
827,SHL,묻을까 말까 묻을까 말까 묻을까 말까 묻을까 말까 묻 묻 묻 묻묻고 더블로 가!
828,올때메로나,와 비비큐는 망했는데 버거킹은 살렸네
829,W.KChoi,젊은친구 신사답게 더블로가~라고 하지
830,BrandonS,묻고 더블로가... 광고 클릭하는게 내 결론이다.
831,조상혁,따불라가자 웅수횽아
832,cashbox,곽철용버거로 한정판매하면 버거킹매출역대급찍을듯 철용아재가 싸인회하면서 ㅋㅋ
833,우덩덩덩,햄버거 건들지 말어 손모가지 날아가붕게
834,박명준,어이 젊은 친구 신사답게 행동해
835,smileface,드디어 팍철용 아조씨도 나오는구나
836,umr,알바생 역할하는분 외모 미쳤네 곽철용 보러왔다가 알바만 보네
837,WarframeSHU,이제 '돈받고 버거킹으로 가'라고 외치면 되는 부분입니까?
838,이정배,여기서 KFC를 가는 배신자가 있다 이게 내 결론이다
839,황금함대,캬 물들어올때 노 잘젓네
840,김인숙,처음으로 광고를 클릭했다
841,l곽철용l,그래 더블로 먹고 왔냐들..또 안먹으면 변사체가 된다..
842,ᄋᄋᄋᄋ,광고 인기가 거의 조정석 동원참치 급이네
843,2mugen1,역시나
844,박성환,알바야 감튀하나 찔러봐라
845,ᄋᄋ,패티2개? 맛있것네
846,JasonFredrikGriffinLee,"Today's dinner is Burger King, motherxxxxer! Ask and go to the blue!!!!"
847,자갈의일상채널,욷고 더블로 가!이거 왜 다시 뜨는지 궁금하네10년정도 된 영화에서 나온건데ㅋ
848,滿月,날아오르라 아이언드래곤
849,이준혁,희대의 빅매치 김영철 vs 김응수
850,PMCwolf,하아니 이게
851,choi-ssaeng최쌩,다음은 진진바리
852,꾸리,ㅋ 광고를 계속 보게하네 ㅋ
853,LuckyGuy,아니.... 이사람은 몇년전 영화 때문에 CF를 찍네
854,?.?,더블도 안되고 패티도 안되고 더블패티가 있다 이게 내 결론이다
855,트위치쿤,아니 다시올린건가? 왜 2번본거같지? 그뜻이였어???
856,벡터&3D펜커피,4딸라vs더블
857,WillKim,버거킹 존맛
858,Hermes,이 분 처음 뵌 게 추노의 좌의정인가 우의정인가 역할. 진짜 딱 상상해오던 나쁜 관료의 이미지와 똑 닮아서 진짜 몰입감 높게 재밌게 봤음. 그 위엄에 소름 돋기도 하고.. 봐왔던 빌런들 중 제일 위엄 쩜.
859,누누,버거킹 은 광고 낼줄아네
860,金忠玄,와 내일은 버거킹이다...
861,gajachitaSeok,내가 여기까지 어떻게 올라올줄 아냐? 맥도날드 제끼고 롯데리아 밟고 여기까지 올라온 놈이야~ ㅋ
862,꿿꿽쉟뚪쀍쮍,유튜브 알고리즘이 여기로 안내해준건 처음이네
863,천성호,오? 철용이가 광고에? 하면서 뜨니까 바로 봤다 손
864,한호승,10월달에 안 올리고 지금 올린게 신의 한 수인가 조회수 봐라 ㄷㄷ
865,곽철용,고니야 감튀 하나 찔러봐
866,날강두,와
867,김홍,ㅋㅋㅋ
868,김요일,이제 나오내
869,??????,올데이킹 안시키면 너는 변사체가 된다
870,UNKNOWN,이제 햄버거는 버거킹이다 버거킹만 존나먹는다
871,인생파도아니냐,광고를 찾으려는 건 처음 인듯
872,주우,이럴줄알았다
873,수퍼콘수퍼손,버거킹 일 잘한다
874,사연읽는남자혁이의,ㅋㅋㅋㅋㅋㅋㅋㅋㅋ
875,안치홍,아이언드래곤성님 어느 회사에서 광고 모셔가나  했더니  역시 버거킹 이네ㅋㅋㅋㅋ  이번광도 졸 잘 나왔네요ㅋㅋ 버거킹 역시  센스쟁이 ㅎㅎ
876,이천폭격기,4달라 아저씨도 있네
877,오제덕,이건구매각
878,잼민TV,아이템
879,김JIN,다음은 방탄유리 가자
880,채널옮김!채널옮김,노란색 양복 입은 사람 김두한 아님?
881,팩트폭격기,곽철용 뜨기전에 예전부터 곽철용따라하고 친구나 주변인들 지인들 웃기고그랬는데 어느새 떠버렸네...신기하다고스톱아이디도 곽철용장동식 이런거임ㅋㅋㅋ
882,bjfeelgoodtravel,더블가자
883,대한민국을사랑하자,사딸라
884,H.RB.,떠블로 하나더 광고만듭시다
885,VitchZena,이제 보험광고 하셔야합니다 응수좌님.
886,Hamboy,"야,너 내밑에서 패티구울 생각없냐?"
887,ToreVik,갓거킹은 인정이지
888,최민식TV,조회수뭐냐
889,totzkaArs,''묻고 사딸라가!''
890,민준일,아
891,김윤회,노란양복 아저씨는 김영철(김두한)이죠?
892,dhroh,신사답게 가서 사먹자
893,보고한다,이런게 광고다
894,영화볼래?,김응수도 버거킹 광고들어왔내
895,3033Beggar,버거킹은 죽었냐 이 쉐이키야?
896,조현인,광고보려고. 클릭했다
897,우리엄마먹지마,너 내밑에서 패티구울생각없냐?
898,mattHong,곽철용 캐릭터는 매년 재평가 되는구나 김응수님 흥 하세요!
899,HyangJi,광고보려고들어옴ㅋㅋㅋ2
900,김밴드오브,ㅋ
901,김대박,이것도 타짜3가 기대에 못미치니깐 과거에 타짜1이 비교가되서 회상이되고   그와중에 악역으로 호평받은 김응수가 나오면서 결국은 모델까지 하게되네. 그때 당시만하더라도 그렇게까지 인기있거나 하지않았는데 역풍이 무섭긴 무섭구나 생각듬.
902,하나기리도리,나 믿고 따따블로 가
903,호날두,광고 안봤으면 변사체 될뻔...
904,겨털산신령,묻고 광고 클릭하고 가
905,김네모,라이즈 오브 킹덤즈나 틱톡같은 극혐광고 거르고 이런 광고만 뜨면 좋겠다
906,선웅김,묻고 따블루가
907,CHECKITOUT,더블패티 안사먹으면 너 변사체가 된다
908,준성,읍네치킨가는 전혀다른 역시 갓버킹
909,파브르TV,젊은 친구 나믿고 더블로 가 ㅋㅋㅋㅋㅋㅋㅋㅋㅋㅋㅋㅋㅋ
910,PDr.,얘들아! 저분이 패티가 작으시단다! 가서 패티 좀 키워 드려라~어이 젊은 친구 신사답게 햄버거 하나 먹고가!먹고 떠블로 가!패티도 커! 가격도 좋아! 더블패티 더블 올데이킹이 내 결론이다 이거야!내가 17곱에 버거킹 보이 생활을 했다.나는 어떻게 지점장까지 왔느냐? 잘난버거 제끼고 못난버거 보내고 더블버거처럼 두꺼운버거..다 먹었다!
911,NEWNEW,이제 야나두도 응수좌가 찍었으면...내가 야나두를 열일곱에 시작했다.그 나이때 영어회화 시작한 놈들이 100명이라 하면은지금 네이티브 스피커 수준까지 하는 놈은 나혼자뿐이야.나는 어떻게 여기까지 왔느냐눈으로 보고 입으로 따라하고말하기에 실용적인 영어들 다 반복했다고니야 너두 영어할수 있어야나두지금 등록하면 묻고 반값으로 가
912,루루,고투더블루 ㅋㅋㅋㅋㅋ
913,라이더스커널,ㅋㅋ 행님 믿고 더블로 가겠습니다
914,대한민국을사랑하자,내가모델하고싶다
915,구독하면프사니미래여친,떠블
916,김한성,개똑같네
917,오태경,노란색 양복 4딸라 아니야?
918,LilEpoch's,너네 광고 찍을 줄 아는구만
919,소리,ㅋㅋㅋㅋ 철옹짜응
920,이런아,광고만 3번 내손으로 클릭했다
921,내앞에고양이,ㅋㅋㅋㅋㅋㅋㅋㅋㅋㅋㅋㅋㅋㅋ 아니 이형님을 보고 안누르는사람이 있긴한거야?..가불기 에반데..
922,SunnSunny,"1. 어이 젊은 친구...신사답게 행동해   - 정장, 넥타이 등 패션광고 가능2. 애들아 이분이 담이 적으시댄다. 뒤에가서 담 좀 키워드려라   - 워터파크, 놀이동산 광고 가능3. 너 내 밑에서 일해볼 생각있냐?   - 잡코리X, 사람X 등 취업사이트 광고 가능4. 나도 적금 붓고 보험들고 그러고 산다   - 보험회사, 저축은행, 증권사 광고 가능"
923,유정운,광고5초순삭 하는 내가광고 시간이 너무  짤막하게 느껴져서 아쉬움이 남내ㅜ다음에는 좀더 길게
924,이기리ㅇㅇ,ㅋㅋㅋㅋㅋㅋㅋㅋ 알바야 나도 순정이 있다 니가 내 패티를 짓밟으면 마~ 그땐 내가 깡패가 되는거야!!
925,박민규,매출 더블로 가!
926,석가모니,이제 궁예 감기약가자 제약회사 놈들아
927,배스킨라빈스31,묻고 더블로가ㅏ!!!!!!
928,무명,Gonee: oh man ~ would you go to the  blue ?   // Box iron dragon:  I will bury and go to the blue
929,폭주토끼,광고를 스킵은 해봤어도 일부러 보려고 클릭한 건 처음이네 ㅋㅋ
930,위즈원,유튜브광고 싫어서바로 넘기고안보는데이건볼려고  검색하고눌렀다
931,샤이닝타느님,형이 왜 여기서 나와?
932,박종선,내가 살다살다 광고를 클릭해서 볼줄 몰랐음갑자기 버거킹 땡기네..
933,루루,원아이드잭 출연 안하고 최대수혜
934,이성계,고니 넌 뭐야? 고니: 난 더블 아니에요 한장이에요
935,휴지통,버거킹 성공 했네 철용이 형이랑 광고도 찍고
936,공상두,짧아서 아쉽노 변사체가 될 것 같네 이게 내 결론이다
937,minJ,광고 싫어하는데 누른 내자신이...
